abaddon_aphotic_shield.regen	护盾生命恢复值	Shield Health Regeneration	medium	字段名为 regen，所在技能是无光之盾，按护盾关联的恢复值命名。
abaddon_borrowed_time.immolate_tick	效果间隔	Effect interval	low	“回光返照”文本未解释 immolate_tick，按字段名保留中性间隔含义。
abaddon_death_coil.effect_radius	作用范围	Effect Radius	medium	迷雾缠绕的技能说明涉及对目标施放效果，字段 effect_radius 和天赋范围加成表明这是作用范围。
abaddon_death_coil.perform_attack	触发攻击	Attack Trigger	low	迷雾缠绕字段 perform_attack 的值为 0，表示攻击触发相关开关；具体攻击交互未由技能说明解释。
abaddon_frostmourne.curse_interval	诅咒伤害间隔	Curse Damage Interval	medium	字段名 curse_interval 结合魔霭诅咒持续造成伤害的说明，表示伤害间隔。
abaddon_frostmourne.hit_count	命中次数	Hit Count	medium	字段名 hit_count 表示次数，所在技能魔霭诅咒围绕攻击命中目标。
abaddon_withering_mist.cooldown_reduction_creeps	小兵相关冷却缩减	Creep-related cooldown reduction	low	凋零迷雾说明只描述低生命值时的恢复削减，未解释该字段的施加方向，按变量名保留对象与冷却缩减含义。
abaddon_withering_mist.cooldown_reduction_heroes	英雄相关冷却缩减	Hero-related cooldown reduction	low	凋零迷雾说明只描述低生命值时的恢复削减，未解释该字段的施加方向，按变量名保留对象与冷却缩减含义。
ability_capture.allow_mixed_capture	允许混合占领	Allow Mixed Capture	low	字段 allow_mixed_capture 表示是否允许混合占领，所属技能说明缺失，混合规则不明。
ability_capture.ally_exponent	友军占领指数	Ally Capture Exponent	low	字段 ally_exponent 指向友军占领计算参数，但技能说明缺失，指数的具体用途无法确认。
ability_capture.base_capture_tick	占领检测间隔	Capture Tick Interval	medium	字段 base_capture_tick 表示占领过程的基础检测间隔，所属技能说明缺失。
ability_capture.base_capture_time	基础占领时间	Base Capture Time	medium	字段 base_capture_time 直接表示占领所需基础时间，技能说明缺失使占领对象不明。
ability_lamp_use.inactive_duration	非激活持续时间	Inactive Duration	low	仅有 ability_lamp_use 与 inactive_duration 字段，无法从上下文确定对象机制。
ability_launchpad.movespeed_bonus_fast	高档移动速度加成	High-tier movement speed bonus	medium	launchpad 的 slow、moderate、fast 档字段并列，保留 fast 档级别。
ability_launchpad.movespeed_bonus_moderate	中档移动速度加成	Mid-tier movement speed bonus	medium	launchpad 的 slow、moderate、fast 档字段并列，保留 moderate 档级别。
ability_launchpad.movespeed_bonus_slow	低档移动速度加成	Low-tier movement speed bonus	medium	launchpad 的三个 slow、moderate、fast 档字段并列，保留 slow 档级别。
ability_lotus_pool.first_lotus_pickup_time	首次拾取莲花用时	Time to First Lotus Pickup	medium	字段 first_lotus_pickup_time 指首次拾取莲花所需时间。
ability_lotus_pool.min_lotus_pickup_time	最短拾取莲花用时	Minimum Lotus Pickup Time	medium	字段 min_lotus_pickup_time 指莲花拾取用时下限。
ability_lotus_pool.pickup_time_reduction_pct	拾取用时缩短百分比	Pickup Time Reduction Percentage	medium	字段 pickup_time_reduction_pct 指拾取用时的缩短比例。
ability_pluck_lotus.channel_time_after_threshold	达到门槛后的施法时间	Channel time after threshold	low	字段名只说明超过 channel_time_reduction_threshold_mins 后的时间值，具体意义未在技能文本中展开。
ability_pluck_lotus.channel_time_reduction_threshold_mins	施法时间缩短门槛（分钟）	Channel time reduction threshold (minutes)	medium	技能上下文涉及莲花拾取，字段名明确为分钟门槛。
ability_pluck_lotus.lotus_rate	莲花获取速率	Lotus acquisition rate	medium	“拾取莲花”技能邻接 channel 时间字段，lotus_rate 指莲花获取速率但具体计量未明。
ability_scout_bonuses.increase_armor	护甲加成	Armor Increase	low	字段 increase_armor 表示护甲增加量，但技能说明缺失，适用对象不明。
ability_scout_bonuses.increase_health	生命值加成	Health Increase	low	字段 increase_health 表示生命值增加量，但技能说明缺失，适用对象不明。
ability_scout_bonuses.max_armor	护甲上限	Maximum Armor	low	字段 max_armor 给出护甲上限参数，但技能名称和效果说明缺失，适用对象不明。
ability_xp_fountain.countdown_time	倒计时时长	Countdown Duration	medium	字段 countdown_time 表示倒计时长，来源对象为经验喷泉技能。
abyssal_underling_archer_aoe.as_bonus	攻击速度光环加成	Attack Speed Aura Bonus	medium	射手光环相邻字段 ms_bonus 已表示移速，as_bonus 因而对应攻击速度加成。
abyssal_underlord_abyssal_horde.archer_aura_radius_tooltip	射手光环作用范围	Archer Aura Radius	high	字段 archer_aura_radius_tooltip 及同技能射手光环描述指向作用范围。
abyssal_underlord_abyssal_horde.archer_health	射手生命值	Archer Health	high	字段 archer_health 与深渊大军中的射手召唤物对应。
abyssal_underlord_abyssal_horde.underling_search_radius	爪牙搜寻范围	Underling Search Radius	medium	字段 underling_search_radius 指深渊大军召唤爪牙的搜寻范围。
abyssal_underlord_abyssal_horde.warrior_mana_feedback	战士法力反馈数值	Warrior Mana Feedback Value	low	深渊大军说明战士攻击燃烧法力，但字段 feedback 未说明结算方向，保留中性名称。
abyssal_underlord_atrophy_aura.bonus_shared_by_allies_pct	队友共享加成比例	Ally-shared bonus percentage	medium	“衰退光环”字段与 allies 并列，表明队友共享加成比例。
abyssal_underlord_atrophy_aura.cleave_angle	分裂攻击角度	Cleave angle	medium	“衰退光环”所属字段 cleave_angle 明确描述分裂攻击角度。
abyssal_underlord_dark_portal.cast_firestorm	施法时释放火焰风暴	Cast Firestorm	low	恶魔之扉字段 cast_firestorm 与火焰风暴相关，但技能说明未解释触发方式。
abyssal_underlord_dark_portal.distance_from_fountain	与泉水的距离	Distance from Fountain	low	恶魔之扉字段 distance_from_fountain 明确引用泉水距离，但该距离用于何种判定未在说明中写明。
abyssal_underlord_dark_portal.dps	每秒伤害参数	Damage per Second	low	恶魔之扉字段 dps 为 0 且关联天赋加值，名称只沿用字段含义，具体伤害对象不明。
abyssal_underlord_dark_portal.spawn_pit_on_cast	施法时生成深渊之坑	Spawn Pit on Cast	medium	恶魔之扉说明是开启传送门，字段 spawn_pit_on_cast 与该技能绑定但具体生成条件不明。
abyssal_underlord_dark_rift.scepter_health_bonus	神杖生命加成	Scepter health bonus	medium	“黑暗之门”所属神杖字段明确关联生命加成。
abyssal_underlord_dark_rift.teleport_delay	传送延迟	Teleport delay	medium	“黑暗之门”技能的传送时间字段，字段名明确为延迟。
abyssal_underlord_firestorm.can_target_units	单位目标标记	Unit Target Flag	low	字段 can_target_units 仅由魔晶修正触发，描述未说明目标开关的具体机制。
abyssal_underlord_firestorm.wave_duration	火焰风暴持续时间	Firestorm Duration	high	字段 wave_duration 与火焰风暴的持续多波效果对应。
abyssal_underlord_pit_of_malice.speed_bonus	速度加成	Speed bonus	low	“怨念深渊”描述未指明 speed 类型，按字段名保留中性速度加成。
alchemist_acid_spray.armor_allies	友军护甲参数	Ally Armor Parameter	low	酸性喷雾字段 armor_allies 的值为 0，技能说明只谈敌人护甲削弱，无法判断该字段具体控制的友军交互。
alchemist_goblins_greed.bonus_gold_cap	额外金币上限	Bonus gold cap	medium	“贪魔的贪婪”以金币奖励为主题，字段名限定额外金币上限。
alchemist_goblins_greed.scepter_bonus_damage_tooltip	神杖伤害加成	Scepter bonus damage	low	“贪魔的贪婪”字段只标为 tooltip，保留神杖伤害加成而不推定伤害机制。
alchemist_goblins_greed.scepter_spell_amp	神杖技能增强	Scepter spell amplification	medium	“贪魔的贪婪”字段名明确为神杖 spell amp，使用通用技能增强称呼。
alchemist_unstable_concoction_throw.brew_explosion	化合物爆炸时间	Concoction Explosion Time	low	投掷不稳定化合物字段 brew_explosion 的值为 7.0，字段名指向爆炸参数但具体计时起点不明。
alchemist_unstable_concoction_throw.brew_time	调制时间	Brew Time	medium	投掷不稳定化合物说明要求爆炸前投出，字段 brew_time 表示调制时间。
alchemist_unstable_concoction_throw.midair_explosion_radius	空中爆炸范围	Midair Explosion Radius	medium	投掷不稳定化合物字段 midair_explosion_radius 与空中爆炸相关，天赋还会增加该范围。
ancient_apparition_death_rime.cast_slow	施法速度减缓值	Cast Speed Slow Value	medium	字段 cast_slow 直接标明施法减缓，无法据现有上下文确定其单位。
ancient_apparition_death_rime.slow	减速幅度	Slow Amount	medium	字段 slow 带百分比减益显示修饰，归属寒霜类效果的减速幅度。
ancient_apparition_death_rime.strength_decrease	力量降低值	Strength Reduction	high	字段 strength_decrease 与天赋修正及属性下降语义一致。
ancient_apparition_ice_age.health_degen	生命流失	Health degeneration	medium	“冰晶爆轰”属于生命相关效果，字段名 health_degen 未表明其他计算方式。
ancient_apparition_ice_blast.target_sight_radius	目标视野范围	Target Sight Radius	medium	冰晶爆轰说明包含地图目标地点，字段 target_sight_radius 表示目标点相关视野范围。
antimage_counterspell_ally.reflected_spell_amp	反射技能法术增强	Reflected Spell Amplification	medium	字段 reflected_spell_amp 结合友军法术反制的反弹技能说明命名。
antimage_mana_break.empowered_mana_break_debuff_duration	强化法力损毁负面效果持续时间	Empowered Mana Break debuff duration	low	“法力损毁”上下文支持负面效果主题，字段名未说明 empowered 条件。
antimage_mana_break.empowered_max_burn_pct	强化效果最大燃烧比例	Empowered maximum burn percentage	low	“法力损毁”涉及法力燃烧，empowered 字段的具体强化来源未由技能文本解释。
antimage_mana_thirst.bonus_attack_damage	攻击伤害加成	Bonus Attack Damage	medium	嗜魔字段 bonus_attack_damage 直接表示攻击伤害加成，内部标注物理伤害类型。
antimage_mana_thirst.max_bonus_pct	最高加成	Maximum Bonus	low	嗜魔字段 max_bonus_pct 表示最高加成参数，技能说明缺失，具体加成项目不明。
antimage_mana_thirst.min_bonus_pct	最低加成	Minimum Bonus	low	嗜魔字段 min_bonus_pct 表示最低加成参数，技能说明缺失，具体加成项目不明。
antimage_mana_thirst.thirst_range	嗜魔作用距离	Mana Thirst Range	medium	嗜魔字段 thirst_range 与魔法相关天赋上下文表明这是作用距离，技能说明缺失。
antimage_mana_thirst.threshold_pct	触发阈值	Trigger Threshold	low	嗜魔字段 threshold_pct 的值为 15，但技能说明缺失，阈值所指状态未能由上下文确认。
antimage_mana_void.max_bonus_pct	最大加成百分比	Maximum Bonus Percentage	low	法力虚空上下文未说明该字段所加效果，按字段名中性命名。
antimage_mana_void.thirst_enabled	渴望效果启用	Thirst Effect Enabled	low	字段 thirst_enabled 未在法力虚空说明中展开，按启用字段作中性命名且不指定触发机制。
antimage_persectur.zero_tooltip	零值提示参数	Zero-value tooltip parameter	low	persectur 技能文本不足以解释 zero_tooltip，按字段名中性命名为提示参数。
antimage_spell_shield.spell_shield_resistance	法术护盾伤害抗性	Spell Shield Damage Resistance	high	字段 spell_shield_resistance 指法术护盾提供的伤害抗性。
arc_warden_flux.applies_silence	是否施加沉默	Applies silence	medium	“乱流”字段名直接表明是否施加沉默，未推断触发条件。
arc_warden_magnetic_field.knockback_enemies	敌人击退标记	Enemy Knockback Flag	low	磁场字段 knockback_enemies 仅能确认与敌人击退相关，开关语义不明。
arc_warden_magnetic_field.rune_activate_radius_buffer	神符激活范围缓冲值	Rune Activation Radius Buffer	medium	字段 rune_activate_radius_buffer 对应磁场自动激活神符的范围缓冲。
arc_warden_magnetic_field.rune_pull_falloff_multiplier	神符牵引衰减倍率	Rune Pull Falloff Multiplier	medium	字段 rune_pull_falloff_multiplier 与磁场牵引神符效果对应，具体衰减曲线未说明。
arc_warden_magnetic_field.rune_pull_max_speed_as_multiplier_of_pull_strength	神符牵引最高速度倍率	Rune Pull Maximum Speed Multiplier	medium	磁场说明包含牵引神符，该字段明确给出牵引强度对应的最高速度倍率。
arc_warden_runic_infusion.bonus_stacks_per_rune_pickup	每次拾取符文增加的层数	Bonus stacks per rune pickup	medium	“符文灌注”字段名明确描述拾取符文时增加的层数。
arc_warden_runic_infusion.regeneration_effect	符文恢复效果	Rune regeneration effect	low	“符文灌注”语境支持符文效果，但 regeneration_effect 未标明恢复对象。
arc_warden_scepter.tooltip_scepter_cooldown	神杖冷却时间	Scepter Cooldown	medium	天穹守望者神杖字段 tooltip_scepter_cooldown 及神杖修正指向神杖冷却时间提示值。
arc_warden_scepter.tooltip_scepter_manacost	神杖魔法消耗	Scepter Mana Cost	medium	天穹守望者神杖字段 tooltip_scepter_manacost 及神杖修正指向神杖魔法消耗提示值。
arc_warden_spark_wraith.creep_damage_bonus_pct	对非英雄单位的伤害加成比例	Bonus damage percentage against creeps	medium	“乱流之灵”字段名明确区分 creep 目标的伤害加成比例。
arc_warden_spark_wraith.maximum_targets	目标数量上限	Maximum number of targets	low	“乱流之灵”字段名只说明目标数上限，未限定目标类型。
arc_warden_spark_wraith.second_wraith_damage_pct	第二个幽冥守卫伤害比例	Second Spark Wraith damage percentage	low	“乱流之灵”上下文与字段 second_wraith_damage_pct 支持第二个守卫的伤害比例。
arc_warden_spark_wraith.second_wraith_speed_pct	第二个幽冥守卫速度比例	Second Spark Wraith speed percentage	low	“乱流之灵”上下文支持第二个守卫，speed 未说明是移动或弹道速度。
arc_warden_spark_wraith.wraith_vision_duration	幽冥守卫视野持续时间	Spark Wraith vision duration	medium	“乱流之灵”字段名明确为 wraith 视野持续时间。
arc_warden_spark_wraith.wraith_vision_radius	幽冥守卫视野范围	Spark Wraith vision radius	medium	“乱流之灵”上下文中的 wraith 字段指向幽冥守卫视野范围。
arc_warden_tempest_double.arcane_rune	奥术神符效果标记	Arcane Rune Flag	low	风暴双雄字段 arcane_rune 与神符修正关联，名称只说明奥术神符标记，具体效果不明。
arc_warden_tempest_double.bounty	风暴双雄击杀金钱	Tempest Double Bounty	low	风暴双雄字段 bounty 与独立的 bounty_xp 并列，按字段名标为金钱奖励；具体归属对象不明。
arc_warden_tempest_double.bounty_xp	风暴双雄击杀经验	Tempest Double XP Bounty	medium	风暴双雄字段 bounty_xp 和英雄等级修正表明这是经验奖励参数。
arc_warden_tempest_double.has_debuff	负面状态标记	Debuff Flag	low	风暴双雄字段 has_debuff 为布尔值，但技能说明未说明该状态标记的用途。
arc_warden_tempest_double.haste_rune	极速神符效果标记	Haste Rune Flag	low	风暴双雄字段 haste_rune 与神符修正关联，名称只说明极速神符标记，具体效果不明。
arc_warden_tempest_double.invis_rune	隐身神符效果标记	Invisibility Rune Flag	low	风暴双雄字段 invis_rune 与神符修正关联，名称只说明隐身神符标记，具体效果不明。
arc_warden_tempest_recall.restore_pct	恢复比例	Restoration Percentage	low	tempest_recall 仅能支持恢复比例的中性名称，具体恢复对象未见于技能上下文。
attribute_bonus.attribute_bonus_all	全属性加成	All Attributes Bonus	high	属性附加说明为提升所有属性，字段 attribute_bonus_all 与之对应。
axe_battle_hunger.should_stack	叠加标记	Stacking Flag	low	字段 should_stack 仅表明是否叠加，战斗饥渴描述未说明叠加对象。
axe_battle_hunger.speed_bonus	移动速度加成	Movement Speed Bonus	medium	战斗饥渴描述有减速效果且字段 speed_bonus 未标出方向，按速度加成中性命名。
axe_berserkers_call.applies_battle_hunger	施加战斗饥渴标记	Apply Battle Hunger Flag	medium	字段 applies_battle_hunger 与狂战士之吼的魔晶修正明确指向战斗饥渴。
axe_counter_helix.attacks_increase_counter	攻击增加计数值	Attack counter increment	low	“反击螺旋”上下文支持攻击计数，字段名未说明计数用途。
axe_counter_helix.helix_lifesteal	反击螺旋生命吸取	Counter Helix lifesteal	medium	“反击螺旋”字段名明确为该技能生命吸取。
axe_culling_blade.charge_speed	冲锋速度	Charge Speed	low	字段 charge_speed 未出现在淘汰之刃说明中，保留速度字段的中性含义。
backdoor_protection.regen_rate	生命恢复速率	Health Regeneration Rate	medium	偷塔保护说明建筑在条件满足时快速恢复生命，字段 regen_rate 表示恢复速率。
backdoor_protection_in_base.regen_rate	建筑生命恢复速率	Building Health Regeneration Rate	high	偷塔保护说明明确建筑会快速恢复生命值，字段 regen_rate 表示恢复速率。
bane_enfeeble.enfeeble_heal_pct	虚弱治疗比例	Enfeeble healing percentage	low	“虚弱”上下文未说明治疗对象，字段名只支持治疗比例。
bane_ichor_of_nyctasha.damage_per_terror	每层恐惧伤害	Damage per Terror	medium	妮塔莎脓血说明恐惧会叠层，字段 damage_per_terror 表示每层对应的伤害参数。
bane_nightmare.nightmare_invuln_time	噩梦无敌持续时间	Nightmare Invulnerability Duration	medium	字段 nightmare_invuln_time 指噩梦中的无敌时间。
bane_nightmare.vector_render_radius	方向指示显示范围	Vector Indicator Render Radius	low	噩梦支持方向选择，字段 vector_render_radius 只说明方向指示的显示范围。
batrider_flamebreak.collision_radius	碰撞半径	Collision radius	medium	“火焰破击”字段名明确为碰撞半径。
batrider_flamebreak.napalm_stacks	粘性燃油层数	Sticky Napalm stacks	low	“火焰破击”中 napalm_stacks 字段未说明施加方式，按技能术语保留层数。
batrider_flaming_lasso.drag_distance	拖行距离	Drag Distance	medium	燃烧枷锁说明蝙蝠骑士会拖行被套住的单位，字段 drag_distance 表示拖行距离。
batrider_sticky_napalm.napalm_stacks_on_attack	攻击叠加层数	Napalm Stacks on Attack	medium	粘性燃油说明再次施法可叠加，字段 napalm_stacks_on_attack 表示攻击相关的叠加层数。
batrider_sticky_napalm.unlimited_stacks	无限叠加标记	Unlimited Stacks Flag	low	粘性燃油说明叠加受上限限制，字段 unlimited_stacks 与神杖碎片修正相关，具体开关行为不明。
batrider_stoked.movement_speed_pct	移动速度加成百分比	Movement Speed Bonus Percentage	medium	字段 movement_speed_pct 明确为移动速度百分比加成。
batrider_stoked.spell_amplification	法术增强	Spell Amplification	medium	字段 spell_amplification 指法术增强，所属技能上下文未说明额外限制。
beastmaster_drums_of_slom.stack_decay_time	层数衰减时间	Stack decay time	medium	“斯洛姆战鼓”字段名明确描述层数衰减时间。
beastmaster_hawk_perch.flight_speed	飞行速度	Flight speed	low	“鹰隼栖停”字段名仅指飞行速度，未说明单位。
beastmaster_hawk_perch.perch_flight_height	鹰隼栖停飞行高度	Hawk perching flight height	medium	“鹰隼栖停”上下文和字段名均指向栖停飞行高度。
beastmaster_hawk_perch.perch_tree_height	鹰隼栖停树木高度	Hawk perching tree height	medium	“鹰隼栖停”字段名明确为栖停所需树木高度。
beastmaster_hawk_perch.perched_spot_height	栖停位置高度	Perched spot height	medium	“鹰隼栖停”字段名明确为栖停点高度。
beastmaster_hawk_perch.perching_tree_height	栖停树木高度	Perching tree height	medium	“鹰隼栖停”与邻近 perch 字段一致，指栖停树木高度。
beastmaster_hawk_perch.top_level_height	顶部高度	Top-level height	low	“鹰隼栖停”字段名只说明顶部高度，具体参照对象不明。
beastmaster_mark_of_the_beast.target_crit_multiplier	目标暴击倍率	Target Critical Multiplier	low	兽王印记字段 target_crit_multiplier 表示目标暴击倍率参数，技能说明缺失，作用方向不明。
beastmaster_primal_roar.push_distance	击退距离	Knockback Distance	high	字段 push_distance 与原始咆哮将通道单位震开的说明一致。
beastmaster_primal_roar.side_damage	路径伤害	Path Damage	high	原始咆哮说明通道上的单位也受到伤害，字段 side_damage 与该路径伤害对应。
beastmaster_summon_raptor.hawk_base_gold_bounty	战鹰基础金钱奖励	Hawk Base Gold Bounty	medium	召唤猛禽字段 hawk_base_gold_bounty 指明战鹰的基础金钱奖励。
beastmaster_summon_raptor.hawk_base_vision_range	战鹰基础视野范围	Hawk Base Vision Range	medium	召唤猛禽字段 hawk_base_vision_range 指明战鹰的基础视野范围。
beastmaster_summon_raptor.hawk_base_xp_bounty	战鹰基础经验奖励	Hawk Base XP Bounty	medium	召唤猛禽字段 hawk_base_xp_bounty 指明战鹰的基础经验奖励。
beastmaster_summon_raptor.hawk_spawn_interval	战鹰生成间隔	Hawk Spawn Interval	medium	召唤猛禽说明会召唤战鹰，字段 hawk_spawn_interval 表示战鹰生成间隔。
beastmaster_summon_raptor.max_move_speed	最高移动速度	Maximum Move Speed	low	召唤猛禽字段 max_move_speed 与战鹰描述相邻，但具体适用对象未在文字中说明。
beastmaster_summon_raptor.min_move_speed	最低移动速度	Minimum Move Speed	low	召唤猛禽字段 min_move_speed 与战鹰描述相邻，但具体适用对象未在文字中说明。
beastmaster_summon_razorback.boar_base_damage	豪猪基础攻击力	Boar Base Attack Damage	high	召唤刀背兽及相邻豪猪攻击力标签表明字段是豪猪基础攻击力。
beastmaster_summon_razorback.boar_base_movespeed	豪猪基础移动速度	Boar Base Movement Speed	high	字段 boar_base_movespeed 表示豪猪基础移动速度。
beastmaster_summon_razorback.boar_base_xp_bounty	豪猪基础经验奖励	Boar Base Experience Bounty	high	字段 boar_base_xp_bounty 表示豪猪基础经验奖励。
beastmaster_summon_razorback.boar_bonus_damage	豪猪额外攻击力	Boar Bonus Attack Damage	high	字段 boar_bonus_damage 与豪猪攻击力相邻，且有增加攻击力的天赋修正。
beastmaster_wild_axes.apply_debuff_on_attack	攻击时施加负面效果	Apply debuff on attack	medium	“野性之斧”字段名直接说明攻击时是否施加负面效果。
beastmaster_wild_axes.spread	飞斧散开范围	Wild Axes spread	low	“野性之斧”上下文表明 axes 为飞斧，spread 的角度或距离类型未说明。
bloodseeker_blood_bath.strong_dispel_count	强驱散次数	Strong Dispel Count	low	血祭说明没有展示此字段效果，字段名只支持强驱散次数的中性标签。
bloodseeker_bloodrage.base_damage_amp	基础伤害增强	Base Damage Amplification	low	血怒字段 base_damage_amp 标注物理伤害提示类型，但技能说明只提技能增强，具体用途不明。
bloodseeker_bloodrage.can_silence	可施加沉默	Can Silence	low	血怒字段 can_silence 受命石修正控制，技能说明未说明沉默触发条件。
bloodseeker_bloodrage.thirst_threshold_bonus	嗜血阈值加成	Thirst Threshold Bonus	low	血怒字段 thirst_threshold_bonus 指向嗜血阈值参数，技能说明未说明阈值的判定对象。
bloodseeker_rupture.damage_cap_amount	伤害上限数值	Damage Cap Amount	medium	割裂描述包含移动伤害，字段 damage_cap_amount 表示伤害上限但未说明计量范围。
bloodseeker_sanguivore.barrier_decay_pct	护盾衰减比例	Barrier decay percentage	medium	“血之飨宴”字段明确为 barrier 衰减比例。
bloodseeker_sanguivore.deny_lifesteal_reduction_pct	反补生命吸取削减比例	Deny lifesteal reduction percentage	low	“血之飨宴”语境未说明该字段实际规则，按 deny 与 lifesteal_reduction 保留字面关系。
bloodseeker_sanguivore.max_shield_pct	护盾比例上限	Maximum shield percentage	medium	“血之飨宴”字段明确为护盾百分比上限。
bloodseeker_sanguivore.pure_damage_lifesteal_pct	纯粹伤害生命吸取比例	Pure-damage lifesteal percentage	medium	“血之飨宴”字段明确组合纯粹伤害与生命吸取比例。
bounty_hunter_lookout.lookout_fade_time	岗哨消退延迟	Lookout Fade Delay	low	字段 lookout_fade_time 结合岗哨对象表示消退所需时间，未说明起算事件。
bounty_hunter_lookout.max_lookouts	岗哨数量上限	Maximum Lookout Count	medium	字段 max_lookouts 表示岗哨数量上限，所属对象名为 bounty_hunter_lookout。
bounty_hunter_shuriken_toss.passthrough_damage	穿透伤害参数	Passthrough Damage	low	投掷飞镖字段 passthrough_damage 的值为 0，技能说明未解释穿透伤害的对象或触发条件。
bounty_hunter_shuriken_toss.passthrough_width	穿透宽度	Passthrough Width	low	投掷飞镖字段 passthrough_width 与技能施放范围加成标记关联，但具体宽度用途未说明。
bounty_hunter_track.bonus_gold_radius	额外金钱奖励范围	Bonus Gold Radius	high	追踪术说明死亡时附近友军获得金钱，字段 bonus_gold_radius 指奖励范围。
bounty_hunter_track.gold_steal	金钱窃取比例	Gold Steal Ratio	medium	字段 gold_steal 的值为小数且所属追踪术可掌握目标携带金钱，按比例命名。
bounty_hunter_wind_walk.ally_fade_time	队友渐隐时间	Ally fade time	low	“疾行”上下文未解释 ally_fade_time，按字段名保留队友渐隐时间。
brewmaster_cinder_brew.barrel_width	酒桶宽度	Barrel Width	medium	余烬佳酿说明酒桶沿路径滚动，字段 barrel_width 表示酒桶宽度。
brewmaster_cinder_brew.max_movement	最高移动速度参数	Maximum Movement Parameter	low	余烬佳酿字段 max_movement 有正值且技能有移动效果，具体对应对象未明确。
brewmaster_cinder_brew.min_movement	最低移动速度参数	Minimum Movement Parameter	low	余烬佳酿字段 min_movement 有负值且技能有移动减速效果，具体对应对象未明确。
brewmaster_drunken_brawler.stance_multiplier_tooltip	拳法效果倍率	Stance Effect Multiplier	medium	醉拳说明可切换拳法，字段名 stance_multiplier_tooltip 与天赋修正指向拳法倍率。
brewmaster_primal_split.attribute_share_pct	属性共享比例	Attribute sharing percentage	low	“元素分离”字段名只支持属性共享比例，未说明共享对象。
brewmaster_primal_split.bonus_brewling_hp	元素战士额外生命值	Bonus Brewling health	medium	“元素分离”上下文使用元素战士，字段名明确为其额外生命值。
brewmaster_primal_split.current_dmg_agi	敏捷对应当前伤害	Current damage per agility	low	“元素分离”字段名只表达当前伤害与敏捷的关联，未推定换算方式。
brewmaster_primal_split.current_hp_agi	敏捷对应当前生命值	Current health per agility	low	“元素分离”字段名只表达当前生命值与敏捷的关联，具体公式未明。
brewmaster_primal_split.dmg_per_attribute	每点属性对应伤害	Damage per attribute point	low	“元素分离”字段名说明属性与伤害的关系，但未给出属性类别。
brewmaster_primal_split.give_brawler_passive	赋予斗士被动	Grant Brawler passive	medium	“元素分离”字段名明确表示赋予 Brawler 被动。
brewmaster_primal_split.hp_per_attribute	每点属性对应生命值	Health per attribute point	low	“元素分离”字段名说明属性与生命值的关系，但未给出属性类别。
brewmaster_primal_split.primal_split_cancel	元素分离取消标记	Primal Split cancel flag	low	“元素分离”字段仅标出 cancel，具体取消规则不明。
brewmaster_primal_split.split_duration	分身持续时间	Split duration	medium	“元素分离”字段名明确表示分身持续时间。
brewmaster_void_astral_pulse.slow	减速幅度	Slow Amount	low	字段 slow 与虚空元素脉冲的减速数值相邻信息不足，按减速幅度中性命名。
bristleback_bristleback.activation_angle	主动角度	Activation Angle	low	字段 activation_angle 与钢毛后背的受击角度设定相邻，无法确认角度用途。
bristleback_bristleback.activation_cooldown	主动冷却时间	Activation Cooldown	low	字段 activation_cooldown 只说明主动效果冷却，技能上下文未说明其具体主动机制。
bristleback_bristleback.activation_disable_turning	主动期间禁用转身	Disable Turning During Activation	low	字段 activation_disable_turning 是转身行为设定，未据此推断具体机制。
bristleback_bristleback.activation_ignore_cast_angle	主动忽略施法角度	Ignore Cast Angle During Activation	low	字段 activation_ignore_cast_angle 表明与施法角度有关，具体效果未说明。
bristleback_bristleback.activation_manacost	主动魔法消耗	Activation Mana Cost	low	字段 activation_manacost 表示主动效果的魔法消耗，具体效果未由上下文说明。
bristleback_bristleback.activation_turn_rate	主动转身速率	Activation Turn Rate	low	字段 activation_turn_rate 仅说明主动期间的转身速率，机制不明。
bristleback_bristleback.activation_turn_rate_pct	主动转身速率百分比	Activation Turn Rate Percentage	low	字段 activation_turn_rate_pct 仅表明主动期间的转身速率比例，机制不明。
bristleback_bristleback.back_angle	背面判定角度	Rear Angle Threshold	medium	钢毛后背说明按受击方向减伤，字段 back_angle 表示背面角度边界。
bristleback_bristleback.cast_range_bonus	施法距离加成	Cast Range Bonus	medium	字段 cast_range_bonus 表示施法距离加成，技能上下文未说明其具体施法对象。
bristleback_bristleback.quill_release_interval	刺针扫射释放间隔	Quill Spray Release Interval	medium	钢毛后背说明受伤后会自动释放刺针扫射，字段 interval 表示释放间隔。
bristleback_bristleback.side_angle	侧面判定角度	Side Angle Threshold	medium	钢毛后背说明按受击方向减伤，字段 side_angle 表示侧面角度边界。
bristleback_viscous_nasal_goo.goo_speed	鼻涕飞行速度	Goo Projectile Speed	medium	粘稠鼻液字段 goo_speed 与技能向目标施放的说明相符，表示鼻液速度。
bristleback_warpath.aspd_per_stack	每层攻击速度	Attack Speed per Stack	medium	战意说明每次施法获得层数，字段 aspd_per_stack 表示每层攻击速度参数。
broodmother_insatiable_hunger.bat_bonus	基础攻击间隔参数	Base Attack Time Parameter	low	极度饥渴字段 bat_bonus 与攻击加成并列，但具体攻击间隔作用无法从说明确认。
broodmother_silken_bola.aoe	作用范围参数	Area of Effect Parameter	low	育母蜘蛛缠绕技能字段 aoe 带范围加成标记，未提供技能说明以确认具体范围用途。
broodmother_silken_bola.roots	缠绕参数	Root Parameter	low	育母蜘蛛缠绕技能字段 roots 为 0，未提供技能说明以确认其控制逻辑。
broodmother_spawn_spiderlings.damage_bonus	伤害加成	Damage Bonus	medium	孵化蜘蛛说明造成伤害，字段 damage_bonus 及英雄等级修正表明这是伤害加成。
broodmother_spawn_spiderlings.hp_bonus	蜘蛛生命值加成	Spider Health Bonus	medium	孵化蜘蛛说明目标死亡后生成小蜘蛛，字段 hp_bonus 由天赋修正，关联小蜘蛛生命值。
broodmother_spin_web.break_move_cap	移动速度上限参数	Movement speed cap parameter	low	“蛛网”字段名同时包含 break 与 move_cap，但其关联状态不明，采用中性移动速度上限名称。
centaur_horsepower.base_move_speed_penalty	基础移动速度惩罚	Base Movement Speed Penalty	low	开足马力说明提供移动速度加成且不与鞋类加成叠加，字段 base_move_speed_penalty 指向基础移速惩罚但具体对象不明。
centaur_return.aura_enabled	光环启用标记	Aura enabled flag	low	“反击”上下文未说明 aura 的作用，按字段名中性标为启用标记。
centaur_stampede.damage_reduction	伤害减免参数	Damage Reduction Parameter	low	奔袭冲撞字段 damage_reduction 为 0，但技能说明未提及减伤对象或方向。
centaur_stampede.has_flying_movement	飞行移动标记	Flying Movement Flag	low	奔袭冲撞字段 has_flying_movement 为布尔值，技能说明未解释飞行移动标记的具体用途。
centaur_stampede.scepter_bonus_duration	神杖持续时间加成	Scepter Duration Bonus	medium	奔袭冲撞字段 scepter_bonus_duration 与神杖升级修正关联，表示神杖提供的持续时间加成。
centaur_stampede.slow_movement_speed	移动速度减缓	Movement Speed Slow	medium	奔袭冲撞说明踩踏会减速敌人，字段 slow_movement_speed 表示移动速度减缓参数。
centaur_work_horse.melee_attack_range	近战攻击距离	Melee attack range	medium	“马到成功”让半人马获得冲锋效果，字段名明确为近战攻击距离。
chaos_knight_chaos_bolt.bounce_range_pct	弹跳距离比例	Bounce range percentage	low	“混乱之箭”描述未提及弹跳，字段名只支持弹跳距离比例。
chaos_knight_chaos_bolt.chaos_bolt_speed	混乱之箭速度	Chaos Bolt speed	medium	“混乱之箭”字段名明确为投射物速度。
chaos_knight_chaos_bolt.fake_bolt_distance	虚假箭矢距离	Fake bolt distance	low	“混乱之箭”字段名标记 fake bolt，未解释其用途，采用中性距离名称。
chaos_knight_phantasm.bonus_illusion_count	额外幻象数量	Bonus Illusion Count	high	混沌之军说明召唤幻象，字段 bonus_illusion_count 及神杖修正表示额外幻象数量。
chaos_knight_reality_rift.additional_debuff_duration_tooltip	额外负面效果持续时间	Additional Debuff Duration	medium	实相裂隙说明护甲降低效果有持续时间，字段名表明额外持续时间参数。
chaos_knight_reality_rift.pierces_immunity	穿透免疫	Pierces Immunity	medium	实相裂隙字段 pierces_immunity 表示是否穿透免疫，未扩展到免疫类别。
chen_divine_favor.creep_bonus	非英雄单位加成	Creep Bonus	low	神力恩泽的字段 creep_bonus 未在治疗与护甲说明中展开，具体加成内容不明。
chen_hand_of_god.does_purge	是否驱散	Does purge	medium	“上帝之手”文本说明治疗效果，does_purge 字段表示是否驱散但未说明对象。
chen_hand_of_god.full_heal_on_chen_and_creeps	陈及其控制单位完全治疗标记	Full heal on Chen and controlled units flag	medium	“上帝之手”文本说明治疗陈控制的单位，字段名指出完全治疗标记。
chen_holy_persuasion.creep_ability_level	受控单位技能等级	Controlled Unit Ability Level	medium	神圣劝化说明陈控制敌方或中立小兵，字段 creep_ability_level 表示受控单位技能等级。
chen_holy_persuasion.current_hp_pct_tooltip	当前生命百分比提示值	Current Health Percentage Tooltip	low	神圣劝化字段 current_hp_pct_tooltip 为提示数值，技能说明未提供对应内容。
chen_holy_persuasion.is_martyr	殉道者标记	Martyr Flag	low	神圣劝化字段 is_martyr 为开关且受碎片等级字段邻接，技能说明未解释殉道效果。
chen_holy_persuasion.unsummon_cooldown_reduction	主动取消冷却减少	Unsummon Cooldown Reduction	medium	神圣劝化说明可控制非英雄单位，字段 unsummon_cooldown_reduction 表示取消召唤相关的冷却减少参数。
chen_test_of_faith.damage_max	伤害上限	Maximum Damage	medium	字段 damage_max 对应信仰试炼的伤害范围上限。
chen_test_of_faith.damage_min	伤害下限	Minimum Damage	medium	字段 damage_min 对应信仰试炼的伤害范围下限。
chen_test_of_faith.heal_max	治疗量上限	Maximum Heal Amount	medium	字段 heal_max 对应信仰试炼的治疗范围上限。
chen_test_of_faith.heal_min	治疗量下限	Minimum Heal Amount	medium	字段 heal_min 对应信仰试炼的治疗范围下限。
chen_test_of_faith_teleport.hero_teleport_delay	英雄传送延迟	Hero teleport delay	medium	技能字段名明确标出英雄传送的延迟。
chen_zealot.zealots	狂热者数量	Number of Zealots	low	技能名与字段名都为 zealot 计数，缺少定义文本，按单位数量命名。
clinkz_bone_and_arrow.attack_rate	攻击速率	Attack rate	low	“骨头和箭头”关联骷髅弓手攻击，字段名未进一步说明该速率的计算方式。
clinkz_bone_and_arrow.damage_percent	伤害比例	Damage percentage	low	“骨头和箭头”上下文没有解释比例所指对象，采用中性伤害比例。
clinkz_bone_and_arrow.skeleton_building_damage_reduction	骷髅弓手对建筑伤害削减值	Skeleton Archer building damage-reduction value	medium	“骨头和箭头”召唤骷髅弓手，字段名明确其对建筑伤害削减。
clinkz_bone_and_arrow.skeleton_duration	骷髅弓手持续时间	Skeleton Archer duration	medium	“骨头和箭头”说明克林克兹死亡后召唤骷髅弓手，字段为持续时间。
clinkz_bone_and_arrow.skeleton_health	骷髅弓手生命值	Skeleton Archer health	medium	“骨头和箭头”召唤骷髅弓手，字段名直接指向其生命值。
clinkz_bone_and_arrow.skeleton_health_tooltip	骷髅弓手生命值提示值	Skeleton Archer health tooltip value	low	“骨头和箭头”文本支持骷髅弓手，tooltip 字段的数值含义尚未核实。
clinkz_burning_barrage.archers_use_barrage	骷髅弓手使用火雨	Archers Use Barrage	low	炽烈火雨说明克林克兹射出多支箭，字段 archers_use_barrage 控制弓手是否使用火雨，具体对象由字段名推断。
clinkz_death_pact.skeletons_spawned	产生骷髅弓手数量	Skeletons Spawned Count	medium	死亡契约与骷髅弓手相关，字段 skeletons_spawned 表示产生数量。
clinkz_death_pact.spawn_skeleton_on_origin	在原地生成骷髅弓手	Spawn Skeleton at Origin	medium	死亡契约字段 spawn_skeleton_on_origin 的天赋修正表明骷髅弓手生成位置与原地有关。
clinkz_searing_arrows.has_multishot	多重射击标记	Multishot Flag	low	灼热之箭字段 has_multishot 受克林克兹天赋修正，说明只描述额外伤害，标记用途不明。
clinkz_tar_bomb.has_multishot	多重射击标记	Multishot Flag	low	焦油炸弹字段 has_multishot 受克林克兹天赋修正，说明未解释多重射击触发方式。
clinkz_wind_walk.skeleton_health	骷髅弓手生命值	Skeleton Health	high	骨隐步说明会产生骷髅弓手，字段 skeleton_health 表示其生命值。
clinkz_wind_walk.skeleton_offset	骷髅弓手偏移距离	Skeleton Offset Distance	medium	骨隐步脱离隐身后产生骷髅弓手，字段 skeleton_offset 表示其偏移距离。
clinkz_wind_walk.skeleton_offset_min	骷髅弓手最小偏移距离	Minimum Skeleton Offset Distance	medium	字段 skeleton_offset_min 表示骨隐步生成骷髅弓手的最小偏移距离。
cny2015_black_hole.far_damage	远端伤害	Far Damage	low	黑洞活动技能字段 far_damage 与 near_damage 并列，具体作用对象不明。
cny2015_black_hole.far_radius	远端范围	Far Radius	low	黑洞活动技能字段 far_radius 与 near_radius 并列，按名称区分远端范围。
cny2015_black_hole.near_damage	近端伤害	Near Damage	low	黑洞活动技能字段 near_damage 与 far_damage 并列，具体作用对象不明。
cny2015_black_hole.near_radius	近端范围	Near Radius	low	黑洞活动技能字段 near_radius 与 far_radius 并列，按名称区分近端范围。
cny2015_black_hole.pull_radius	牵引范围	Pull Radius	low	黑洞活动技能字段 pull_radius 表示牵引范围参数，缺少技能说明以确认范围具体含义。
cny2015_sonic_wave.final_aoe	最终作用范围	Final Area of Effect	low	该对象没有技能说明，字段 final_aoe 只能确定最终作用范围。
cny2015_sonic_wave.starting_aoe	初始作用范围	Starting Area of Effect	low	该对象没有技能说明，字段 starting_aoe 只能确定初始作用范围。
creep_siege.incoming_controlled_unit_penalty	受到受控单位攻击时的惩罚	Penalty from incoming controlled-unit attacks	low	“坚锐”单位说明涵盖受到攻击伤害，字段名限定攻击来自受控单位。
crystal_maiden_brilliance_aura.proximity_bonus_factor	近距离加成系数	Proximity bonus factor	medium	“奥术光环”说明水晶室女附近友军获得更高魔法恢复，字段关联邻近加成。
crystal_maiden_crystal_clone.anim_delay	动画延迟	Animation Delay	medium	冰晶克隆字段 anim_delay 表示动画延迟，无法从说明确定起算节点。
crystal_maiden_freezing_field.can_move	可移动标记	Can move flag	low	“极寒领域”是持续施法技能，can_move 字段只表示移动许可标记。
crystal_maiden_freezing_field.explosion_max_dist	冰爆最大距离	Maximum explosion distance	medium	“极寒领域”召唤随机冰爆，字段名表示最大距离。
crystal_maiden_freezing_field.explosion_min_dist	冰爆最小距离	Minimum explosion distance	medium	“极寒领域”召唤随机冰爆，字段名表示最小距离。
crystal_maiden_let_it_go.path_radius	路径范围	Path Radius	low	水晶室女活动技能字段 path_radius 表示路径范围，技能说明缺失，路径效果不明。
crystal_maiden_let_it_go.slow	减速参数	Slow Parameter	low	水晶室女活动技能字段 slow 为 10，技能说明缺失，减速对象与方向不明。
dark_seer_normal_punch.normal_punch_illusion_delay	普通一拳幻象延迟	Normal Punch Illusion Delay	medium	普通一拳在攻击后制造目标复制体，字段 illusion_delay 表示幻象延迟。
dark_seer_surge.speed_boost	移动速度提升	Movement Speed Increase	high	奔腾说明友军短时间内移动速度爆发，字段 speed_boost 表示速度提升。
dark_seer_vacuum.radius_tree	树木范围	Tree Radius	low	真空字段 radius_tree 表示树木相关范围，但技能说明只描述吸引敌人，树木交互不明。
dark_seer_wall_of_replica.replica_damage_incoming	复制幻象承受伤害百分比	Replica Illusion Incoming Damage Percentage	medium	复制之墙产生受控幻象，字段 replica_damage_incoming 描述幻象承受伤害比例。
dark_seer_wall_of_replica.replica_damage_outgoing	复制幻象伤害输出百分比	Replica Illusion Outgoing Damage Percentage	medium	复制之墙产生受控幻象，字段 replica_damage_outgoing 描述幻象输出伤害比例。
dark_seer_wall_of_replica.replica_scale	复制幻象尺寸比例	Replica Illusion Scale	low	字段 replica_scale 仅能确认复制幻象的尺寸比例，当前值为零也不推断显示效果。
dark_seer_wall_of_replica.scepter_length_multiplier	神杖墙体长度倍率	Scepter Wall Length Multiplier	medium	复制之墙神杖修正对应字段 scepter_length_multiplier，表明墙体长度倍率。
dark_troll_warlord_ensnare.net_speed	诱捕网速度	Ensnare net speed	medium	“诱捕”说明巨魔投出网，字段名指网的速度。
dark_troll_warlord_raise_dead.skeletons_created	生成骷髅数量	Skeletons Created	medium	亡灵复生说明召唤骷髅战士，字段 skeletons_created 对应生成数量。
dark_willow_bedlam.attack_targets	攻击目标数	Number of attack targets	medium	“作祟”说明精灵快速攻击附近敌人，字段名指攻击目标数量。
dark_willow_bedlam.unit_targetable	单位可被选为目标标记	Unit targetable flag	medium	“作祟”涉及精灵单位，字段名表明单位是否可被选为目标。
dark_willow_bramble_maze.extra_brambles_placement_duration	额外荆棘放置持续时间	Extra Bramble Placement Duration	low	荆棘迷宫字段 extra_brambles_placement_duration 与额外荆棘修正关联，但具体放置过程未在说明中解释。
dark_willow_bramble_maze.latch_creation_delay	缠绕生成延迟	Latch Creation Delay	low	荆棘迷宫字段 latch_creation_delay 表示缠绕创建延迟，具体起点未在说明中确认。
dark_willow_bramble_maze.latch_creation_interval	缠绕生成间隔	Latch Creation Interval	low	荆棘迷宫字段 latch_creation_interval 表示缠绕创建间隔，技能说明描述荆棘生成但未说明此参数细节。
dark_willow_cursed_crown.shard_delay_reduction	魔晶延迟缩短	Shard delay reduction	low	“诅咒王冠”描述眩晕前延迟，字段名标记魔晶带来的延迟缩短。
dark_willow_pixie_dust.mana_regen_amp	魔法恢复增强	Mana Regeneration Amplification	high	仙灵粉尘说明额外生命与魔法恢复，字段 mana_regen_amp 指魔法恢复增强。
dark_willow_pixie_dust.mana_regen_amp_out_of_world	脱离世界时魔法恢复增强	Out-of-World Mana Regeneration Amplification	high	仙灵粉尘说明无法被选中或无敌时提升恢复效果，字段名限定为 out_of_world 状态。
dark_willow_shadow_realm.aura_linger	光环残留参数	Aura linger parameter	low	“暗影之境”文本未解释 aura，字段名 linger 指效果残留时长。
dark_willow_terrorize.destination_travel_speed	目标飞行速度	Destination Travel Speed	medium	恐吓说明精灵宠物前往目标区域，字段 destination_travel_speed 表示前往目标的速度。
dark_willow_terrorize.return_travel_speed	返回飞行速度	Return Travel Speed	medium	恐吓字段 return_travel_speed 表示精灵返回速度，名称与技能说明中的宠物精灵对应。
dark_willow_terrorize.starting_height	起始高度	Starting Height	low	恐吓字段 starting_height 表示起始高度，技能说明未交代其对应对象。
dark_willow_terrorize.telegraph_to_enemies	向敌人显示预警	Telegraph to Enemies	low	恐吓字段 telegraph_to_enemies 为布尔值，名称表示敌方预警显示开关，技能说明未展开预警内容。
dawnbreaker_break_of_dawn.day_threshold	白天门槛值	Day threshold	low	“辰星破晓”说明加成随白天变化，字段未说明 threshold 的具体参照。
dawnbreaker_break_of_dawn.heal_amp	治疗增强	Healing amplification	low	“辰星破晓”上下文提及加成但未提治疗，按字段名中性标注治疗增强。
dawnbreaker_celestial_hammer.hammer_aoe_radius	战锤作用范围	Hammer Area of Effect Radius	medium	上界重锤说明武器沿途影响敌人，字段 hammer_aoe_radius 表示作用范围。
dawnbreaker_celestial_hammer.return_anim_distance_threshold	召回动画距离阈值	Return Animation Distance Threshold	medium	字段 return_anim_distance_threshold 结合战锤召回过程表示动画距离阈值。
dawnbreaker_celestial_hammer.targets_allies	可选中友军	Can Target Allies	medium	上界重锤的天赋修正 targets_allies，表示是否可选择友军目标。
dawnbreaker_celestial_hammer.travel_speed_pct	飞行速度百分比	Travel Speed Percentage	low	上界重锤会投出并召回战锤，字段 travel_speed_pct 表示飞行速度比例但未指定基准。
dawnbreaker_fire_wreath.shard_cast_point	魔晶施法前摇	Shard cast point	medium	“星破天惊”字段标注 shard 与 cast point，按施法前摇命名。
dawnbreaker_fire_wreath.smash_damage	重击伤害	Smash damage	medium	“星破天惊”说明最后一击造成伤害，字段名对应重击伤害。
dawnbreaker_fire_wreath.smash_distance_from_hero	重击与英雄的距离	Smash distance from hero	low	“星破天惊”字段只给出重击相对英雄的距离，未说明该值用途。
dawnbreaker_fire_wreath.smash_radius	重击半径	Smash radius	medium	“星破天惊”最后一击为重击，字段名明确其半径。
dawnbreaker_fire_wreath.total_attacks	攻击总次数	Total attacks	medium	“星破天惊”说明旋转锤击三次，字段为攻击总次数。
dawnbreaker_luminosity.proc_cooldown	触发冷却时间	Proc Cooldown	medium	破晓晨星字段 proc_cooldown 表示触发冷却，邻接的所需攻击次数和治疗参数对应被动触发效果。
dawnbreaker_luminosity.triggered_by_celestial_hammer	由天光现世触发	Triggered by Celestial Hammer	low	破晓晨星字段 triggered_by_celestial_hammer 受对应命石修正，表示天光现世触发标记。
dawnbreaker_solar_guardian.airtime_scepter_bonus	神杖飞行时间加成	Scepter Airtime Bonus	low	天光现世神杖修正关联字段 airtime_scepter_bonus，未说明加成方向，保留中性名称。
dawnbreaker_solar_guardian.airtime_scepter_movement_speed	神杖飞行期间移动速度	Scepter Airtime Movement Speed	medium	天光现世字段明确关联神杖飞行期间的移动速度。
dazzle_bad_juju.cooldown_reduction_items	物品冷却减少	Item Cooldown Reduction	medium	邪能字段 cooldown_reduction_items 表示物品冷却减少，邻接字段 cooldown_reduction 为技能冷却减少。
dazzle_bad_juju.mana_cost_increase_duration	魔法消耗增加持续时间	Mana Cost Increase Duration	low	邪能字段 mana_cost_increase_duration 表示魔法消耗增加持续时间，说明缺失，持续效果对象未明。
dazzle_bad_juju.mana_cost_increase_pct	魔法消耗增加比例	Mana Cost Increase Percentage	low	邪能字段 mana_cost_increase_pct 表示魔法消耗增加比例，说明缺失，作用对象未明。
dazzle_good_juju.item_cooldown_reduction	物品冷却缩减	Item Cooldown Reduction	high	字段 item_cooldown_reduction 及神杖修正直接表明物品冷却缩减。
dazzle_good_juju.scepter_mana_cost	神杖魔法消耗	Scepter Mana Cost	high	字段 scepter_mana_cost 表示神杖升级效果的魔法消耗。
dazzle_innate_weave.affects_allies	影响友军标记	Affects allies flag	medium	“编织”文本明确影响友军护甲，该字段记录是否影响友军。
dazzle_innate_weave.affects_enemies	影响敌人标记	Affects enemies flag	medium	“编织”文本明确影响敌人护甲，该字段记录是否影响敌人。
dazzle_innate_weave.ultimate_always_applies	终极技能始终施加效果标记	Ultimate always applies flag	low	“编织”说明戴泽技能可施加效果，字段名指出终极技能的施加标记。
dazzle_nothl_projection.base_leash_pull	基础牵引距离	Base Leash Pull	low	虚无投影字段 base_leash_pull 与灵魂和身体之间的连接说明相关，牵引规则未写明。
dazzle_nothl_projection.initial_travel_speed	初始移动速度	Initial Travel Speed	medium	虚无投影说明灵魂离开身体旅行，字段 initial_travel_speed 表示初始旅行速度。
dazzle_nothl_projection.leash_increase	牵引增加量	Leash Increase	low	虚无投影字段 leash_increase 与灵魂和身体之间的连接相关，具体增加机制不明。
dazzle_nothl_projection.soul_return_min_speed	灵魂返回最低速度	Soul Return Minimum Speed	low	虚无投影字段 soul_return_min_speed 表示灵魂返回最低速度，说明未描述速度变化条件。
dazzle_nothl_projection.soul_return_time	灵魂返回延迟	Soul Return Time	low	虚无投影字段 soul_return_time 表示灵魂返回时间，具体从何时计时未在说明中解释。
dazzle_poison_touch.attacks_to_split	触发分裂所需攻击次数	Attacks Required to Split	medium	剧毒之触字段 attacks_to_split 表示分裂前所需攻击次数，未由说明确定额外触发条件。
dazzle_poison_touch.split_radius	分裂作用范围	Split Radius	medium	剧毒之触字段 split_radius 结合锥形攻击多个敌人的说明，表示分裂作用范围。
dazzle_rain_of_vermin.hex_chance	妖术概率	Hex chance	low	“害虫之雨”字段只表明妖术概率，未说明触发条件。
dazzle_rain_of_vermin.hex_duration	妖术持续时间	Hex duration	low	“害虫之雨”字段只表明妖术持续时间。
dazzle_rain_of_vermin.interval	触发间隔	Trigger interval	low	“害虫之雨”缺少技能说明，字段只足以判断为间隔。
dazzle_shadow_wave.scepter_cd_increase	神杖冷却增加时间	Scepter Cooldown Increase	medium	暗影波字段 scepter_cd_increase 表示神杖效果带来的冷却增加。
dazzle_shallow_grave.fx_halo_height	光环特效高度	Halo Effect Height	low	薄葬上下文未说明该视觉字段，按 fx_halo_height 标注特效高度。
dazzle_weave.armor_per_second	每秒护甲变化量	Armor Change per Second	medium	织网字段 armor_per_second 明确表示每秒护甲变化量，未从字段名推断增减方向。
dazzle_weave.vision	视野范围	Vision Radius	low	戴泽织网字段 vision 给出视野数值，但当前上下文未说明视野类型。
death_prophet_carrion_swarm.slow_percent	减速比例	Slow percentage	low	“地穴虫群”文本未提及减速，字段只支持减速比例。
death_prophet_exorcism.duration_increase_per_kill	每次击杀增加的持续时间	Duration Increase per Kill	medium	驱使恶灵字段 duration_increase_per_kill 与击杀天赋修正关联，表示每次击杀增加的持续时间。
death_prophet_exorcism.ghost_spawn_rate	恶灵生成间隔	Ghost Spawn Interval	low	驱使恶灵字段 ghost_spawn_rate 的值为 0.25，按字段名表示生成速率，未确认具体生成节奏。
death_prophet_exorcism.give_up_distance	放弃追击距离	Give Up Distance	low	驱使恶灵字段 give_up_distance 与恶灵追击目标语义相符，但具体停止条件未说明。
death_prophet_exorcism.scepter_spirit_life_duration	神杖恶灵持续时间	Scepter Spirit Lifetime	medium	驱使恶灵字段 scepter_spirit_life_duration 受神杖加成，名称指向神杖恶灵持续时间。
death_prophet_innate_healing_mastery.heal_amplify	治疗增强	Healing amplification	low	技能名称指向治疗掌握，字段名直接表示治疗增强。
death_prophet_spirit_siphon.siphon_buffer	灵魂汲取缓冲值	Spirit Siphon Buffer	low	吸魂巫术说明持续汲取生命，字段 siphon_buffer 未说明缓冲用途，采用中性名称。
deity_blessing_aghanim.ability_points	技能点数	Ability points	low	“阿哈利姆祝福”字段只有 ability_points，按字面命名技能点数。
deity_blessing_aghanim.innate_scale	先天效果倍率	Innate effect scale	low	“阿哈利姆祝福”字段缺少说明，按技能名与 innate_scale 标为先天效果倍率。
deity_blessing_aghanim.level_decrease	等级降低值	Level decrease	low	“阿哈利姆祝福”字段只有 level_decrease，未说明降低对象。
deity_blessing_deep_ones.mana_regen_amp	魔法恢复增强	Mana Regeneration Amplification	low	对象缺少描述，字段 mana_regen_amp 仅支持魔法恢复增强的中性命名。
deity_blessing_flayed_twins.debuff_enemy	敌方负面效果数值	Enemy Debuff Value	low	对象缺少描述，debuff_enemy 未说明效果种类与单位，保留中性字段含义。
deity_blessing_flayed_twins.debuff_enemy_duration	敌方负面效果持续时间	Enemy Debuff Duration	low	字段 debuff_enemy_duration 明确表示敌方负面效果持续时间，但其效果种类不明。
deity_blessing_flayed_twins.debuff_self	自身负面效果数值	Self Debuff Value	low	对象缺少描述，debuff_self 未说明效果种类与单位，保留中性字段含义。
deity_blessing_fundamentals.current_tier_choices	当前阶可选项数量	Current Tier Choices	low	基础祝福字段 current_tier_choices 表示当前阶选项数量，但祝福说明缺失，阶级规则不明。
deity_blessing_fundamentals.next_tier_choices	下一阶可选项数量	Next Tier Choices	low	基础祝福字段 next_tier_choices 表示下一阶选项数量，但祝福说明缺失，阶级规则不明。
deity_blessing_goddess_of_luck.ability_points	技能点数	Ability points	low	“幸运女神祝福”字段没有技能说明，依字段名命名技能点数。
deity_blessing_goddess_of_luck.level_decrease	等级降低值	Level decrease	low	“幸运女神祝福”字段没有技能说明，未能确定等级降低对象。
deity_blessing_imperator.enemy_decrease	敌方数值减少量	Enemy Decrease	low	帝王祝福字段 enemy_decrease 指向敌方数值减少，邻接 slow_resist 但减少对象仍不明确。
deity_blessing_omniscience.lowest_overall_bonus	最低总属性加成	Lowest Overall Attribute Bonus	low	对象缺少描述，lowest_overall_bonus 未解释 overall 指标，采用字面中性名称。
deity_blessing_omniscience.xp_gain	经验获取加成	Experience Gain Bonus	low	对象缺少描述，字段 xp_gain 表示经验获取数值，具体单位与作用对象不明。
deity_blessing_seven_hells.death_loss	死亡损失值	Death loss value	low	“七重地狱祝福”字段只说明死亡损失，具体损失对象不明。
deity_blessing_seven_hells.debuff_amp_per_kill	每次击杀的负面效果增强	Debuff amplification per kill	low	“七重地狱祝福”字段仅指每次击杀对应的负面效果增强。
deity_blessing_spirit_of_nature.initial_stat_main	初始主属性加成	Initial Main Attribute Bonus	low	自然之灵祝福字段 initial_stat_main 与 main_stat 并列，祝福说明缺失，按字段名表示初始主属性加成。
deity_blessing_spirit_of_nature.initial_universal	初始全属性加成	Initial Universal Attribute Bonus	low	自然之灵祝福字段 initial_universal 与主属性字段并列，按名称表示初始全属性加成。
deity_blessing_spirit_of_nature.main_stat	主属性加成	Main Attribute Bonus	low	自然之灵祝福字段 main_stat 与 universal 属性参数并列，具体赋值规则未说明。
deity_blessing_spirit_of_nature.stat_universal	全属性加成	Universal Attribute Bonus	low	自然之灵祝福字段 stat_universal 表示全属性参数，祝福说明缺失，单位与应用方式不明。
disruptor_electromagnetic_repulsion.distance_per_int	每点智力击退距离	Knockback Distance per Intelligence	medium	电磁排斥说明按智力倍数造成伤害并推开敌人，字段 distance_per_int 表示每点智力对应距离。
disruptor_kinetic_fence.cooldown_share	冷却共享标记	Cooldown sharing flag	low	“动能栅栏”字段未说明共享对象，按 cooldown_share 中性命名。
disruptor_kinetic_fence.strike_on_touch	接触时打击标记	Strike on touch flag	low	“动能栅栏”文本说明敌人无法穿越，字段名指出接触时打击。
disruptor_kinetic_fence.wall_thickness	墙体厚度	Wall thickness	medium	“动能栅栏”文本说明形成一道墙，字段名明确其厚度。
disruptor_kinetic_field.cooldown_share	冷却共享	Cooldown Sharing	low	字段 cooldown_share 是魔晶修正下的设定，未说明共享对象，保留中性名称。
disruptor_kinetic_field.strike_on_touch	接触时打击	Strike on Touch	low	字段 strike_on_touch 只表明接触时打击，未由说明确认具体效果。
disruptor_kinetic_field.wall_thickness	屏障厚度	Barrier Thickness	medium	动能力场说明形成环形屏障，字段 wall_thickness 表示屏障厚度。
disruptor_thunder_strike.hits_units_inside_kinetic	击中动能力场内单位	Hits Units Inside Kinetic Field	low	风雷之击字段 hits_units_inside_kinetic 由命石修正，名称指向动能力场内目标，触发规则未说明。
disruptor_thunder_strike.strike_damage_bonus	每次打击伤害加成	Strike Damage Bonus	medium	风雷之击说明闪电反复打击，字段 strike_damage_bonus 由连续打击天赋增加。
doom_bringer_devils_bargain.disable_buyback	禁用买活标记	Disable buyback flag	medium	“恶魔的交易”字段明确标记禁用买活。
doom_bringer_devils_bargain.kill_assist_gold_bonus_percent	击杀助攻金币加成比例	Kill-assist gold bonus percentage	medium	“恶魔的交易”字段名明确关联击杀助攻金币加成。
doom_bringer_devour.ability_bonus_level	获得技能等级加成	Ability Level Bonus	low	吞噬说明获得目标特殊技能，字段 ability_bonus_level 表示获得技能等级加成但未解释适用对象。
doom_bringer_devour.can_target_ancient	可选择远古单位	Can Target Ancient Units	medium	吞噬魔晶修正绑定 can_target_ancient，表示远古单位是否可选为目标。
doom_bringer_devour.hero_ability_steal_time	英雄技能窃取时间	Hero Ability Steal Time	low	吞噬上下文涉及获得生物技能，字段 hero_ability_steal_time 未说明时间用途，保留中性名称。
doom_bringer_doom.applies_dispel_to_self	对自身施加驱散	Applies Dispel to Self	low	末日字段 applies_dispel_to_self 与神杖修正关联，说明未解释自身驱散条件。
doom_bringer_doom.deniable_pct	可反补生命比例	Deniable Health Percentage	low	末日字段 deniable_pct 表示可反补比例参数，但技能说明未说明适用对象与判定条件。
doom_bringer_doom.does_mute	施加物品沉默	Applies Mute	medium	末日字段 does_mute 受天赋加值影响，技能描述禁止施法但未明确物品沉默规则。
doom_bringer_scorched_earth.is_permanent	永久生效标记	Is permanent flag	low	“焦土”技能上下文未解释该字段，按字段名保留永久生效标记。
dragon_knight_breathe_fire.dragon_form_bonus_pct	龙形态加成比例	Dragon form bonus percentage	low	“火焰气息”技能名之外字段指向龙形态加成，未说明加成作用对象。
dragon_knight_dragon_tail.dragon_cast_range	龙形态施法距离	Dragon Form Cast Range	medium	神龙摆尾的龙形态增加施法距离，字段 dragon_cast_range 与该条件一致。
dragon_knight_elder_dragon_form.bonus_attack_damage	额外攻击伤害	Bonus attack damage	medium	“古龙形态”字段名明确为额外攻击伤害。
dragon_knight_elder_dragon_form.flying_movement	飞行移动标记	Flying movement	medium	“古龙形态”字段名明确标识飞行移动状态。
dragon_knight_elder_dragon_form.frost_healing_reduction	霜冻治疗削减	Frost healing reduction	low	“古龙形态”字段未说明 frost 的来源效果，按字段保留治疗削减含义。
dragon_knight_elder_dragon_form.health_bar_offset	生命条偏移量	Health bar offset	low	“古龙形态”字段仅指生命条偏移，未说明坐标方向。
drow_ranger_glacier.end_height	终点高度	End Height	low	冰川字段 end_height 与坡体几何参数并列，但具体终点参照物未在说明中确认。
drow_ranger_glacier.hilltop_offset	山顶偏移量	Hilltop Offset	medium	冰川说明创造冰山，字段 hilltop_offset 与坡体几何参数并列，表示山顶偏移量。
drow_ranger_glacier.ramp_radius	斜坡范围	Ramp Radius	medium	冰川字段 ramp_radius 与冰山的坡体几何参数并列，表示斜坡范围。
drow_ranger_glacier.shard_angle_step	冰刺角度间隔	Shard Angle Step	medium	冰川字段 shard_angle_step 与冰刺数量及距离并列，表示各冰刺角度间隔。
drow_ranger_glacier.shard_count	冰刺数量	Shard Count	medium	冰川字段 shard_count 与冰刺几何参数并列，表示冰刺数量。
drow_ranger_glacier.shard_distance	冰刺距离	Shard Distance	medium	冰川字段 shard_distance 与冰刺几何参数并列，表示冰刺距离。
drow_ranger_glacier.shard_speed	冰刺速度	Shard Speed	medium	冰川字段 shard_speed 与冰刺生成参数并列，表示冰刺速度。
drow_ranger_glacier.shard_width	冰刺宽度	Shard Width	medium	冰川说明在脚下创造冰山，字段 shard_width 与冰刺数量、速度、角度及距离并列。
drow_ranger_glacier.turn_rate_slow	转身速度减缓	Turn Rate Slow	medium	冰川说明会击退附近敌人，字段 turn_rate_slow 表示转身速度减缓参数。
drow_ranger_glacier.z_speed_override	垂直速度覆盖值	Vertical Speed Override	low	冰川字段 z_speed_override 表示垂直方向速度覆盖参数，字段上下文未说明对应动作。
drow_ranger_multishot.arrow_angle	箭矢散射角度	Arrow Spread Angle	medium	数箭齐发向多个方向射出箭矢，字段 arrow_angle 表示箭矢角度。
drow_ranger_multishot.arrow_range_multiplier	箭矢射程倍率	Arrow Range Multiplier	medium	数箭齐发描述箭矢射程随攻击距离增加，字段 arrow_range_multiplier 表示射程倍率。
drow_ranger_multishot.bypass_block	绕过格挡	Bypass Block	low	字段 bypass_block 是数箭齐发的布尔设定，上下文未说明所指格挡类型。
drow_ranger_silence.silence_radius	沉默作用范围	Silence Radius	medium	对象名 drow_ranger_silence 与字段 silence_radius 指向沉默作用范围。
drow_ranger_wave_of_silence.gust_reveals_invis	狂风显形标记	Gust reveals invisibility flag	medium	“狂风”字段名指出是否显形隐身单位。
drow_ranger_wave_of_silence.knockback_duration_min	击退最短持续时间	Minimum knockback duration	medium	“狂风”技能字段名明确标出击退最短持续时间。
drow_ranger_wave_of_silence.wave_length	狂风长度	Gust wave length	medium	“狂风”技能字段名明确为波的长度。
drow_ranger_wave_of_silence.wave_speed	狂风速度	Gust wave speed	medium	“狂风”技能字段明确为波的速度。
earth_spirit_geomagnetic_grip.total_pull_distance	总牵引距离	Total Pull Distance	high	地磁之握说明将目标拉向自身，字段 total_pull_distance 表示总牵引距离。
earth_spirit_magnetize.magnetize_self	自身磁化	Self Magnetization	low	字段 magnetize_self 仅能确认与自身磁化有关，不推断其触发机制。
earth_spirit_magnetize.magnetized_rocks_bonus_self_damage	自身残岩额外伤害	Self Bonus Damage from Magnetized Rocks	low	磁化字段名关联自身、残岩和额外伤害，未说明伤害方向或适用对象。
earth_spirit_magnetize.magnetized_rocks_buff_self	自身获得磁化残岩效果	Self Magnetized Rocks Effect	low	磁化字段 magnetized_rocks_buff_self 仅说明自身与残岩增益的关联，具体效果不明。
earth_spirit_magnetize.rock_explosion_delay	残岩爆炸延迟	Stone Remnant Explosion Delay	high	磁化说明残岩爆炸，字段 rock_explosion_delay 表示爆炸延迟。
earth_spirit_magnetize.rock_explosion_radius	残岩爆炸范围	Stone Remnant Explosion Radius	high	磁化说明附近残岩会爆炸，字段 rock_explosion_radius 表示爆炸范围。
earth_spirit_rolling_boulder.can_roll_over_allied_heroes	可从友方英雄身上滚过标记	Can roll over allied heroes flag	medium	“巨石翻滚”字段名直接描述能否从友方英雄身上滚过。
earth_spirit_rolling_boulder.destroy_stone	摧毁残岩标记	Destroy Stone Remnant flag	medium	“巨石翻滚”与残岩技能上下文相关，字段名说明摧毁残岩。
earth_spirit_stone_caller.is_stepping_stone	踏脚石标记	Stepping-stone flag	low	“残岩”字段名标识 stepping stone 属性，未说明具体规则。
earth_spirit_stone_caller.polarization_distance	极化距离	Polarization distance	low	“残岩”上下文不解释 polarization，按字段名中性命名距离。
earth_spirit_stone_caller.rolling_offset_distance	滚动偏移距离	Rolling offset distance	medium	“残岩”字段明确为滚动偏移距离。
earthshaker_echo_slam.echo_slam_echo_range	回音伤害范围	Echo damage range	medium	回音击说明每个受击敌人会引起附近单位受到回音伤害，字段 echo_slam_echo_range 指向回音作用范围。
earthshaker_echo_slam.echo_slam_echo_search_range	回音目标搜索范围	Echo Target Search Range	medium	回音击说明每个受击敌人会引起附近单位受到回音伤害，字段 echo_slam_echo_search_range 表示搜索范围。
earthshaker_enchant_totem.scepter_acceleration_horizontal	神杖跳跃水平加速度	Scepter Leap Horizontal Acceleration	medium	字段 acceleration_horizontal 对应神杖强化图腾的跳跃水平运动。
earthshaker_enchant_totem.scepter_acceleration_z	神杖跳跃垂直加速度	Scepter Leap Vertical Acceleration	medium	字段 acceleration_z 对应神杖强化图腾的跳跃垂直运动。
earthshaker_enchant_totem.scepter_cleave_ending_width	神杖顺劈末端宽度	Scepter Cleave Ending Width	medium	强化图腾字段 cleave_ending_width 表示顺劈范围末端宽度。
earthshaker_enchant_totem.scepter_cleave_starting_width	神杖顺劈起始宽度	Scepter Cleave Starting Width	medium	强化图腾字段 cleave_starting_width 表示顺劈范围起始宽度。
earthshaker_enchant_totem.scepter_height	神杖跳跃高度	Scepter Leap Height	medium	强化图腾神杖增强含跳跃效果，字段 scepter_height 表示高度。
earthshaker_enchant_totem.scepter_height_arcbuffer	神杖跳跃高度弧线缓冲	Scepter Leap Height Arc Buffer	low	强化图腾字段 scepter_height_arcbuffer 未说明缓冲用途，按跳跃高度弧线参数中性命名。
earthshaker_enchant_totem.scepter_leap_duration	神杖跳跃持续时间	Scepter Leap Duration	medium	字段 scepter_leap_duration 明确表示神杖跳跃持续时间。
earthshaker_fissure.fissure_max_distance_moved	沟壑最大移动距离	Fissure Maximum Distance Moved	low	沟壑字段 fissure_max_distance_moved 表示最大移动距离，但技能说明未交代移动对象。
earthshaker_fissure.fissure_radius	沟壑范围	Fissure Radius	medium	沟壑说明沿直线制造岩脊，字段 fissure_radius 表示沟壑范围参数。
earthshaker_fissure.free_pathing_application_radius	自由寻路生效范围	Free Pathing Application Radius	low	沟壑字段 free_pathing_application_radius 与岩脊阻挡路径的说明相关，具体寻路规则未解释。
earthshaker_slugger.projectile_body_initial_impact_radius	弹体首次命中半径	Projectile body initial impact radius	medium	“强击图腾”字段名明确标出首次命中半径。
earthshaker_slugger.projectile_body_on_kill	击杀时生成弹体标记	Projectile body on kill flag	low	“强击图腾”字段名提及击杀时 projectile body，具体表现未在文本中说明。
earthshaker_slugger.projectile_body_vision	弹体视野范围	Projectile body vision	low	“强击图腾”字段只表明 projectile body 的 vision 参数，具体范围类型未明。
earthshaker_slugger.projectile_body_width_creep	对小兵的弹体宽度	Projectile body width against creeps	medium	“强击图腾”字段名区分 creep 目标的弹体宽度。
earthshaker_slugger.projectile_body_width_hero	对英雄的弹体宽度	Projectile body width against heroes	medium	“强击图腾”字段名区分英雄目标的弹体宽度。
elder_titan_ancestral_spirit.controllable	可控制标记	Controllable Flag	low	灵体游魂说明灵体会移动并与上古巨神合体，字段 controllable 为控制标记，具体控制方式不明。
elder_titan_ancestral_spirit.move_pct_cap	移动速度加成上限	Movement Speed Bonus Cap	medium	灵体游魂字段 move_pct_cap 与英雄获得移动速度加成的说明相邻，表示移速加成上限。
elder_titan_earth_splitter.total_steps	总步数	Total Steps	low	裂地沟壑字段 total_steps 与 vision_step 并列，表示总步数，具体作用对象未明。
elder_titan_earth_splitter.vision_interval	视野检测间隔	Vision Interval	low	裂地沟壑字段 vision_interval 表示间隔，邻接 vision_width 和 vision_step，具体检测用途不明。
elder_titan_earth_splitter.vision_step	视野步进距离	Vision Step	low	裂地沟壑字段 vision_step 与视野宽度和间隔并列，表示步进距离。
elder_titan_earth_splitter.vision_width	视野宽度	Vision Width	medium	裂地沟壑在裂纹区域造成效果，字段 vision_width 有范围加成标记，表示视野宽度。
elder_titan_echo_stomp.can_swap_places	可交换位置	Can Swap Places	low	回音重踏字段 can_swap_places 是位置交换设定，描述未说明交换条件。
elder_titan_echo_stomp.initial_stun_duration	初始眩晕持续时间	Initial Stun Duration	high	回音重踏说明造成眩晕，字段 initial_stun_duration 表示初始眩晕持续时间。
elder_titan_echo_stomp_spirit.can_swap_places	可交换位置标记	Can swap places flag	medium	“回音重踏”字段名明确是否可以交换位置。
elder_titan_fundamental_fury.move_pct_cap	移动比例上限	Movement percentage cap	low	“永恒怒意”文本缺失，字段名仅说明移动比例上限。
elder_titan_fundamental_fury.move_pct_creeps	对小兵的移动比例	Movement percentage for creeps	low	“永恒怒意”文本缺失，字段名未说明移动比例的作用方式。
elder_titan_fundamental_fury.move_pct_heroes	对英雄的移动比例	Movement percentage for heroes	low	“永恒怒意”文本缺失，字段名未说明移动比例的作用方式。
elder_titan_fundamental_fury_spirit.move_pct_cap	移动速度加成上限百分比	Movement Speed Bonus Cap Percentage	medium	字段 move_pct_cap 明确给出移动百分比加成上限。
elder_titan_fundamental_fury_spirit.move_pct_creeps	小兵移动速度加成百分比	Creep Movement Speed Bonus Percentage	medium	字段 move_pct_creeps 为对小兵生效的移动速度百分比参数。
elder_titan_fundamental_fury_spirit.move_pct_heroes	英雄移动速度加成百分比	Hero Movement Speed Bonus Percentage	medium	字段 move_pct_heroes 为对英雄生效的移动速度百分比参数。
elder_titan_momentum.attack_speed_from_movespeed	移速转攻击速度参数	Attack Speed from Move Speed	low	动量说明护甲随额外移动速度增加，字段 attack_speed_from_movespeed 另列攻击速度转换参数，触发规则不明。
ember_spirit_activate_fire_remnant.scepter_mana_cost	神杖魔法消耗	Scepter mana cost	medium	“激活残焰”字段名明确为神杖相关魔法消耗。
ember_spirit_activate_fire_remnant.speed_multiplier	速度倍率	Speed multiplier	low	“激活残焰”字段名只指速度倍率，未标明作用对象。
ember_spirit_fire_remnant.apply_immolation_to_remnant	残焰施加献祭效果	Apply Immolation to Remnant	low	残焰字段 apply_immolation_to_remnant 由碎片修正，说明未解释献祭效果的具体表现。
ember_spirit_flame_guard.passive_radius	被动效果作用范围	Passive Effect Radius	low	烈火罩字段 passive_radius 可确认被动范围，但上下文未明确对应的被动效果。
ember_spirit_searing_chains.remnant_chains	残焰触发炎阳索	Remnant Chains	low	炎阳索说明会缠绕附近敌人，字段 remnant_chains 指向残焰相关链索触发，细节不明。
ember_spirit_sleight_of_fist.creep_damage_penalty	小兵伤害惩罚	Creep Damage Penalty	medium	无影拳对英雄造成额外伤害，字段 creep_damage_penalty 指对小兵的伤害惩罚。
enchantress_enchant.bonus_attackspeed	额外攻击速度	Bonus attack speed	medium	“魅惑”字段名明确为攻击速度加成。
enchantress_impetus.illusion_damage_multiplier	幻象伤害倍率	Illusion Damage Multiplier	medium	推进说明对幻象造成双倍伤害，字段 illusion_damage_multiplier 对应幻象伤害倍率。
enchantress_little_friends.max_root	最大缠绕数量	Maximum Root Count	low	密友说明魅惑魔女缠绕目标，字段 max_root 未说明统计口径，按最大数量中性命名。
enchantress_natures_attendants.overprotective_damage_reset_interval	过度保护伤害重置间隔	Overprotective damage reset interval	low	“自然之助”上下文未解释 overprotective，字段名可确认重置间隔。
enigma_black_hole.pull_rotate_speed	牵引旋转速度	Pull Rotation Speed	low	黑洞说明会吸入附近敌人，字段 pull_rotate_speed 表示牵引旋转速度，具体对象不明。
enigma_black_hole.scepter_pull_rotate_speed	神杖牵引旋转速度	Scepter Pull Rotation Speed	low	黑洞字段 scepter_pull_rotate_speed 受神杖修正，表示神杖下的牵引旋转速度参数。
enigma_demonic_conversion.allied_damage_pct	友军伤害百分比	Allied Damage Percentage	low	恶魔召唤字段 allied_damage_pct 未说明友军与伤害的关系，保留字面中性名称。
enigma_demonic_conversion.creep_max_level	可转化小兵等级上限	Maximum Convertible Creep Level	medium	恶魔召唤可吞噬单位并产生虚灵，字段 creep_max_level 表示小兵等级上限。
enigma_demonic_conversion.damage_reset_interval	伤害重置间隔	Damage Reset Interval	low	字段 damage_reset_interval 未在恶魔召唤说明中展开，按名称保留间隔语义。
enigma_demonic_conversion.damage_threshold	分裂判定伤害阈值	Split Damage Threshold	low	恶魔召唤说明虚灵在攻击后分裂，字段 damage_threshold 未说明是否为分裂判定条件。
enigma_demonic_conversion.eidelon_base_movespeed	虚灵基础移动速度	Eidolon Base Movement Speed	medium	恶魔召唤产生虚灵，字段 eidelon_base_movespeed 表示基础移动速度。
enigma_demonic_conversion.eidolon_bonus_attack_speed	虚灵额外攻击速度	Eidolon Bonus Attack Speed	medium	字段 eidolon_bonus_attack_speed 表示恶魔召唤虚灵的额外攻击速度。
enigma_demonic_conversion.eidolon_bonus_damage	虚灵额外攻击力	Eidolon Bonus Attack Damage	medium	恶魔召唤产生受控虚灵，字段 eidolon_bonus_damage 表示其额外攻击力。
enigma_demonic_conversion.eidolon_damage_spread	虚灵分裂伤害值	Eidolon Split Damage Value	low	恶魔召唤说明虚灵攻击后会分裂，字段 eidolon_damage_spread 未解释数值用途，采用中性名称。
enigma_demonic_conversion.eidolon_gold_bounty_max	虚灵金币奖励上限	Maximum Eidolon Gold Bounty	medium	字段 eidolon_gold_bounty_max 表示虚灵金币奖励上限。
enigma_demonic_conversion.eidolon_gold_bounty_min	虚灵金币奖励下限	Minimum Eidolon Gold Bounty	medium	字段 eidolon_gold_bounty_min 表示虚灵金币奖励下限。
enigma_demonic_conversion.eidolon_spawns	虚灵生成设定	Eidolon Spawn Setting	low	字段 eidolon_spawns 数值为零且上下文未解释含义，保留中性名称。
enigma_demonic_conversion.eidolon_xp_bounty	虚灵经验奖励	Eidolon Experience Bounty	medium	字段 eidolon_xp_bounty 表示击杀恶魔召唤虚灵的经验奖励。
enigma_demonic_conversion.life_extension	虚灵生命延长时间	Eidolon Life Extension Duration	low	恶魔召唤说明虚灵会分裂并回复生命，字段 life_extension 未说明延长的具体状态。
enigma_demonic_conversion.non_splitting_bounty_reduction	未分裂虚灵奖励降低比例	Non-Splitting Eidolon Bounty Reduction	low	恶魔召唤字段指向未分裂单位奖励降低，但说明未解释触发条件。
enigma_demonic_conversion.self_modelscale	自身模型缩放值	Self Model Scale	low	恶魔召唤字段 self_modelscale 是模型数值，未说明该缩放对象为何种状态。
enigma_demonic_conversion.spawn_offset	生成位置偏移	Spawn Position Offset	medium	恶魔召唤字段 spawn_offset 表示生成位置偏移。
enigma_malefice.eidolon_spawns_per_tick	每次间隔生成的卓尔游侠数量	Eidolons spawned per tick	low	“憎恶”字段提及 eidolon 生成但未解释 tick 单位，名称保留每次间隔。
enigma_splitting_image.eidolon_spawns	卓尔游侠生成数量	Eidolon spawn count	low	“分割图像”技能上下文缺失，字段名明确生成数量。
enraged_wildkin_tornado.tornado_base_movespeed	飓风基础移动速度	Tornado Base Move Speed	medium	飓风说明飓风可以随意移动，字段 tornado_base_movespeed 表示其基础移动速度。
faceless_void_backtrack.dodge_chance_pct	闪避概率	Dodge chance	medium	“回到过去”字段名明确为闪避概率。
faceless_void_time_dilation.self_buff	自身增益标记	Self Buff Flag	low	时间膨胀字段 self_buff 受碎片修正，说明未解释自身增益内容。
faceless_void_time_lock.delay	延迟	Delay	low	“时间锁定”字段名只有 delay，未指明对应动作。
faceless_void_time_lock.duration_creep	对小兵的持续时间	Duration against creeps	low	“时间锁定”字段区分小兵目标的持续时间，未说明具体效果。
faceless_void_time_walk.backtrack_time_walk_duration	时间漫游回溯持续时间	Time Walk Backtrack Duration	medium	时间漫游说明会取消最近一段时间受到的伤害，字段 backtrack_time_walk_duration 表示该回溯时长。
faceless_void_time_walk.dodge_chance_pct	闪避概率	Dodge Chance	medium	时间漫游字段 dodge_chance_pct 为 100，且技能可回溯伤害；字段名指向闪避概率。
faceless_void_time_zone.yaw	偏航角	Yaw angle	low	“逆转时空”字段 yaw 指偏航角，玩法文本未进一步说明。
filler_ability.base_xp	基础经验值	Base XP	low	未命名技能字段 base_xp 表示基础经验值，技能来源与经验对象不明。
filler_ability.bonus_xp	额外经验值	Bonus XP	low	未命名技能字段 bonus_xp 表示额外经验值，技能来源与经验对象不明。
filler_ability.hp_heal	生命治疗量	Health Heal Amount	low	未命名技能字段 hp_heal 表示生命治疗量，但技能名称与说明缺失。
filler_ability.hp_heal_growth	生命治疗成长量	Health Heal Growth	low	未命名技能字段 hp_heal_growth 表示生命治疗成长量，缺少技能上下文。
filler_ability.hp_heal_pct	生命治疗比例	Health Heal Percentage	low	未命名技能字段 hp_heal_pct 表示生命治疗比例，但作用基数和技能上下文缺失。
filler_ability.mp_heal	魔法恢复量	Mana Restore Amount	low	未命名技能字段 mp_heal 表示魔法恢复量，但技能名称与说明缺失。
filler_ability.mp_heal_growth	魔法恢复成长量	Mana Restore Growth	low	未命名技能字段 mp_heal_growth 表示魔法恢复成长量，缺少技能上下文。
filler_ability.mp_heal_pct	魔法恢复比例	Mana Restore Percentage	low	未命名技能字段 mp_heal_pct 表示魔法恢复比例，但作用基数和技能上下文缺失。
flagbearer_creep_aura_effect.bonus_xp	额外经验值	Bonus experience	medium	“鼓舞光环”说明光环效果，字段名明确为额外经验。
forest_troll_high_priest_mana_aura.allow_multiple	允许多个光环生效标记	Allow multiple auras flag	low	“魔法光环”字段名表明 allow_multiple，未说明允许的对象。
frogmen_congregation_of_the_deep.projectile_count	投射物数量	Projectile count	medium	“深水鱼群”技能字段名明确为投射物数量。
frogmen_tendrils_of_the_deep.yaw_offset	偏航角偏移	Yaw offset	medium	“深水触须”字段名明确为偏航角偏移。
frostivus2018_decorate_tree.num_explosions	爆炸次数	Number of explosions	medium	节日装饰树字段名明确为爆炸次数。
frostivus2018_summon_snowman.taunt_duration	嘲讽持续时间	Taunt duration	medium	召唤雪人字段名明确为嘲讽持续时间。
frostivus2018_summon_snowman.taunt_radius	嘲讽半径	Taunt radius	medium	召唤雪人字段名明确为嘲讽半径。
frostivus2018_throw_snowball.snowball_aoe	雪球作用范围	Snowball area of effect	medium	投掷雪球字段名明确为雪球作用范围。
frostivus2018_throw_snowball.snowball_speed	雪球速度	Snowball speed	medium	投掷雪球字段名明确为雪球速度。
frostivus2018_throw_snowball.snowball_stun_duration	雪球眩晕持续时间	Snowball stun duration	medium	投掷雪球字段名明确为雪球造成的眩晕持续时间。
furion_arboreal_might.armor_per_stack	每层护甲	Armor per Stack	low	自然之力字段 armor_per_stack 与树木叠层相关，但技能说明缺失，作用方式不明。
furion_arboreal_might.damage_per_stack	每层伤害	Damage per Stack	low	自然之力字段 damage_per_stack 与树木叠层相关，但技能说明缺失，作用方式不明。
furion_arboreal_might.max_trees	树木数量上限	Maximum Trees	low	自然之力字段 max_trees 受天赋增加，技能说明缺失，树木的用途不明。
furion_arboreal_might.trees_per_stack	每层树木数量	Trees per Stack	low	自然之力字段 trees_per_stack 与叠层字段并列，具体叠层语义未由说明确认。
furion_fecundity.tree_duration	树木持续时间	Tree Duration	low	字段 tree_duration 表示树木持续时间，对象描述缺失，不能确定对应树木状态。
furion_fecundity.tree_sprout_delay	树木生成延迟	Tree Sprout Delay	medium	字段 tree_sprout_delay 表示树木生成延迟。
furion_force_of_nature.treant_gold_bounty_max	树人最高金币奖励	Treant maximum gold bounty	medium	“自然的呼唤”召唤树人，字段名明确其最高金币奖励。
furion_force_of_nature.treant_gold_bounty_min	树人最低金币奖励	Treant minimum gold bounty	medium	“自然的呼唤”召唤树人，字段名明确其最低金币奖励。
furion_force_of_nature.treant_xp_bounty	树人经验奖励	Treant experience bounty	medium	“自然的呼唤”召唤树人，字段名明确其经验奖励。
furion_force_of_nature.treewalking	树木穿行标记	Tree-walking flag	low	“自然的呼唤”技能字段名标识 treewalking 状态，具体规则未在文本中展开。
furion_greater_sprout.vision_range	视野范围	Vision Range	low	树人之力相关字段 vision_range 表示视野范围，技能说明缺失。
furion_hedgerow.damage_per_tick	每周期伤害	Damage per Tick	medium	字段 damage_per_tick 表示每次伤害周期造成的伤害，周期时长未给出。
furion_hedgerow.hedge_length	树篱长度	Hedge Length	medium	对象名 furion_hedgerow 与字段 hedge_length 表示树篱长度。
furion_hedgerow.hedge_range	树篱作用距离	Hedge Range	low	字段 hedge_range 表示树篱距离参数，未说明测量起点。
furion_hedgerow.hedge_width	树篱宽度	Hedge Width	medium	对象名 furion_hedgerow 与字段 hedge_width 表示树篱宽度。
furion_hedgerow.max_hits	最大命中次数	Maximum Hit Count	low	字段 max_hits 表示命中次数上限，树篱技能描述缺失。
furion_natures_profit.max_throw_range	最长投掷距离	Maximum Throw Range	low	自然之利字段 max_throw_range 表示最长投掷距离，技能说明缺失，投掷对象不明。
furion_natures_profit.min_throw_range	最短投掷距离	Minimum Throw Range	low	自然之利字段 min_throw_range 表示最短投掷距离，技能说明缺失，投掷对象不明。
furion_sprout.sprout_damage_radius	发芽伤害半径	Sprout damage radius	medium	“发芽”字段名明确为伤害半径。
furion_wrath_of_nature.kill_damage	击杀伤害参数	Kill Damage	low	自然之怒说明能量会弹跳攻击敌人，字段 kill_damage 受物理伤害提示类型标记但触发条件不明。
furion_wrath_of_nature.kill_damage_duration	击杀伤害持续时间	Kill Damage Duration	low	自然之怒字段 kill_damage_duration 是伤害时长参数，但说明未给出其具体触发行为。
greevil_black_hole.customval_far_damage	远距离伤害值	Far damage value	low	“黑洞”字段名提供远距离与伤害信息，不推定伤害类型。
greevil_black_hole.customval_far_radius	远距离半径	Far radius	low	“黑洞”技能字段区分 far_radius，但未提供效果说明。
greevil_black_hole.customval_near_damage	近距离伤害值	Near damage value	low	“黑洞”字段名提供近距离与伤害信息，不推定伤害类型。
greevil_black_hole.customval_pull_radius	牵引半径	Pull radius	low	“黑洞”字段仅明确为牵引半径，customval 前缀无额外含义。
greevil_black_hole.near_radius	近距离半径	Near radius	low	“黑洞”字段明确标记 near_radius，具体用途未说明。
greevil_blade_fury.blade_fury_damage_tick	剑刃风暴伤害间隔	Blade Fury Damage Tick Interval	low	活动技能字段 blade_fury_damage_tick 表示剑刃风暴伤害间隔，技能说明缺失。
greevil_blade_fury.blade_fury_radius	剑刃风暴范围	Blade Fury Radius	low	活动技能字段 blade_fury_radius 表示剑刃风暴范围，技能说明缺失。
greevil_bloodlust.customval_bonus_attack_speed	额外攻击速度	Bonus Attack Speed	low	对象名为 greevil_bloodlust 且字段明确给出攻击速度加成，技能描述缺失。
greevil_bloodlust.customval_bonus_movement_speed	额外移动速度	Bonus Movement Speed	low	对象名为 greevil_bloodlust 且字段明确给出移动速度加成，技能描述缺失。
greevil_cold_snap.customval_initial_damage	初始伤害	Initial Damage	low	活动技能字段 customval_initial_damage 表示初始伤害，技能说明缺失。
greevil_cold_snap.damage_trigger	伤害触发值	Damage Trigger Value	low	活动技能字段 damage_trigger 表示伤害触发参数，触发对象与规则不明。
greevil_cold_snap.freeze_cooldown	冻结间隔	Freeze Interval	low	活动技能字段 freeze_cooldown 表示冻结冷却参数，技能说明缺失，具体触发间隔不明。
greevil_cold_snap.freeze_duration	冻结持续时间	Freeze Duration	low	活动技能字段 freeze_duration 表示冻结持续时间，技能说明缺失。
greevil_decrepify.customval_duration	效果持续时间	Effect Duration	low	字段 customval_duration 表示效果持续时间，对象技能说明缺失。
greevil_decrepify.customval_spell_damage_pct	法术伤害百分比	Spell Damage Percentage	low	对象名为 greevil_decrepify，字段只确定法术伤害百分比，正负方向未由上下文说明。
greevil_diabolic_edict.num_explosions	爆炸次数	Number of explosions	low	“恶魔敕令”说明缺失，字段名直接表示爆炸次数。
greevil_echo_slam.customval_echo_damage	回音伤害	Echo Damage	low	对象名 greevil_echo_slam 且字段 customval_echo_damage 表示回音伤害。
greevil_echo_slam.echo_slam_damage_range	回音初始作用范围	Echo Slam Initial Effect Radius	low	对象名为 greevil_echo_slam，字段 damage_range 未说明半径或距离，按初始作用范围中性标注。
greevil_echo_slam.echo_slam_echo_range	回音传播范围	Echo Propagation Range	medium	对象名 greevil_echo_slam 且字段明确为 echo_range，标为回音传播范围以区别初始伤害范围。
greevil_echo_slam.echo_slam_echo_search_range	回音搜寻范围	Echo Search Range	low	字段 echo_search_range 表示回音搜寻范围，技能具体行为上下文缺失。
greevil_fatal_bonds.count	数量	Count	low	“致命链接”缺少说明，count 的计数对象不明确，采用中性名称。
greevil_fatal_bonds.customval_dmg_share_percentage	伤害分摊比例	Damage-sharing percentage	medium	“致命链接”字段明确为伤害分享比例。
greevil_fatal_bonds.search_aoe	搜索作用范围	Search area of effect	low	“致命链接”字段名仅表明搜索范围，具体搜索对象未说明。
greevil_flesh_golem.customval_armor_bonus	护甲加成	Armor Bonus	low	活动技能字段 customval_armor_bonus 表示护甲加成，技能说明缺失。
greevil_hook.hook_distance	钩索距离	Hook Distance	low	活动技能字段 hook_distance 表示钩索距离，技能说明缺失。
greevil_hook.hook_speed	钩索速度	Hook Speed	low	活动技能字段 hook_speed 与 hook_width、hook_distance 并列，表示钩索速度。
greevil_hook.hook_width	钩索宽度	Hook Width	low	活动技能字段 hook_width 表示钩索宽度，技能说明缺失。
greevil_ice_wall.customval_damage_per_second	每秒伤害值	Damage per second	medium	“冰墙”字段明确标出 damage per second。
greevil_ice_wall.customval_duration	持续时间	Duration	low	“冰墙”字段明确为持续时间，未给出具体效果主体。
greevil_ice_wall.num_wall_elements	墙体组成数量	Number of wall elements	medium	“冰墙”字段明确为墙体元素数量。
greevil_ice_wall.slow	减速值	Slow value	low	“冰墙”字段仅为 slow 数值，未给出单位或减速对象。
greevil_ice_wall.wall_element_radius	墙体元素半径	Wall element radius	medium	“冰墙”字段明确为墙体元素半径。
greevil_ice_wall.wall_element_spacing	墙体元素间距	Wall element spacing	medium	“冰墙”字段明确为墙体元素间距。
greevil_ice_wall.wall_place_distance	墙体放置距离	Wall placement distance	medium	“冰墙”字段明确为墙体放置距离。
greevil_leech_seed.customval_leech_damage	汲取伤害	Leech Damage	low	字段 customval_leech_damage 仅能确认汲取伤害数值，技能说明缺失。
greevil_magic_missile.magic_missile_speed	魔法飞弹速度	Magic Missile Speed	low	对象名 greevil_magic_missile 且字段名明确为飞弹速度。
greevil_magic_missile.magic_missile_stun	魔法飞弹眩晕持续时间	Magic Missile Stun Duration	low	字段 magic_missile_stun 与眩晕技能对象相关，无法确定眩晕单位，按持续时间中性命名。
greevil_maledict.bonus_damage_threshold	额外伤害阈值	Bonus Damage Threshold	low	活动技能字段 bonus_damage_threshold 与 ticks 并列，表示额外伤害阈值。
greevil_maledict.ticks	伤害跳数	Damage Tick Count	low	活动技能字段 ticks 表示伤害跳数，技能说明缺失。
greevil_miniboss_black_nightmare.nightmare_invuln_time	噩梦无敌持续时间	Nightmare Invulnerability Duration	low	对象名 black_nightmare，字段 nightmare_invuln_time 指噩梦中的无敌时间。
greevil_miniboss_blue_ice_vortex.movement_speed_pct	移动速度变化比例	Movement Speed Change Percentage	low	蓝色小首领冰旋风字段 movement_speed_pct 为负值，表示移动速度变化比例，具体对象不明。
greevil_miniboss_blue_ice_vortex.spell_resist_pct	技能抗性变化比例	Spell Resistance Change Percentage	low	蓝色小首领冰旋风字段 spell_resist_pct 为负值，表示技能抗性变化比例，具体对象不明。
greevil_miniboss_green_living_armor.damage_block	单次伤害格挡值	Damage Block Amount	low	字段 damage_block 表示伤害格挡数值，对象技能说明缺失。
greevil_miniboss_green_living_armor.damage_count	可格挡伤害次数	Damage Block Count	low	对象名 living_armor 且字段 damage_count 仅能确定次数，具体计数含义不明。
greevil_miniboss_orange_dragon_slave.dragon_slave_distance	龙破斩距离	Dragon Slave Distance	low	橙色小首领技能字段 dragon_slave_distance 表示龙破斩距离，说明缺失。
greevil_miniboss_orange_dragon_slave.dragon_slave_speed	龙破斩速度	Dragon Slave Speed	low	橙色小首领技能字段 dragon_slave_speed 表示龙破斩速度，说明缺失。
greevil_miniboss_orange_dragon_slave.dragon_slave_width_end	龙破斩末端宽度	Dragon Slave End Width	low	橙色小首领技能字段 dragon_slave_width_end 与初始宽度并列，表示末端宽度。
greevil_miniboss_orange_dragon_slave.dragon_slave_width_initial	龙破斩初始宽度	Dragon Slave Initial Width	low	橙色小首领技能字段 dragon_slave_width_initial 与末端宽度并列，表示初始宽度。
greevil_miniboss_orange_light_strike_array.light_strike_array_aoe	光击阵作用范围	Light Strike Array Area of Effect	low	对象名及字段 light_strike_array_aoe 指向光击阵作用范围。
greevil_miniboss_orange_light_strike_array.light_strike_array_delay_time	光击阵延迟	Light Strike Array Delay	low	字段 delay_time 表示光击阵触发延迟。
greevil_miniboss_orange_light_strike_array.light_strike_array_stun_duration	光击阵眩晕持续时间	Light Strike Array Stun Duration	low	字段 stun_duration 表示光击阵眩晕持续时间。
greevil_miniboss_purple_plague_ward.ward_damage_tooltip	守卫伤害提示值	Ward damage tooltip value	low	“瘟疫守卫”字段名说明提示值，伤害类型未标明。
greevil_miniboss_purple_plague_ward.ward_hp_tooltip	守卫生命值提示值	Ward health tooltip value	low	“瘟疫守卫”字段名说明提示值，是否等于实际生命值未核实。
greevil_miniboss_purple_venomous_gale.strike_damage	打击伤害值	Strike damage value	low	“剧毒之风”字段区分 strike_damage，未说明该次伤害机制。
greevil_miniboss_purple_venomous_gale.tick_damage	间隔伤害值	Damage per tick	low	“剧毒之风”字段 tick_damage 指间隔结算伤害值，间隔长短未知。
greevil_miniboss_red_earthshock.shock_radius	震击作用范围	Shock Radius	low	对象名 red_earthshock 与字段 shock_radius 表示震击范围。
greevil_miniboss_red_overpower.attack_speed_bonus_pct	攻击速度加成比例	Attack Speed Bonus Percentage	low	红色小首领技能字段 attack_speed_bonus_pct 表示攻击速度加成比例，技能说明缺失。
greevil_miniboss_red_overpower.max_attacks	攻击次数上限	Maximum Attacks	low	红色小首领技能字段 max_attacks 表示攻击次数上限，技能说明缺失。
greevil_miniboss_white_degen_aura.speed_bonus	移动速度变化值	Movement Speed Modifier	low	对象名 degen_aura 表明速度变化光环，但字段未标单位且不据名称补充机制方向。
greevil_natures_attendants.customval_heal	治疗值	Healing value	low	“自然之助”字段明确为治疗值，未标明对象或计量单位。
greevil_natures_attendants.wisp_count	精灵数量	Wisp count	medium	“自然之助”字段明确为 wisp 数量。
greevil_phantom_strike.customval_bonus_attacks	额外攻击次数	Bonus Attack Count	low	对象名 phantom_strike 且字段 customval_bonus_attacks 表示额外攻击次数。
greevil_purification.customval_heal	治疗量	Heal Amount	low	活动技能字段 customval_heal 表示治疗量，技能说明缺失。
greevil_rot.rot_radius	腐烂作用范围	Rot Radius	low	对象名 greevil_rot 且字段 rot_radius 表示作用范围。
greevil_rot.rot_slow	腐烂减速数值	Rot Slow Amount	low	字段 rot_slow 表示减速数值，未依据负值扩大其机制解释。
greevil_rot.rot_tick	腐烂伤害间隔	Rot Damage Interval	low	字段 rot_tick 表示腐烂效果的伤害间隔。
greevil_shadow_strike.customval_duration_damage	持续伤害值	Damage during duration	low	“暗影突袭”字段名指向 duration_damage，具体结算间隔不明。
greevil_shadow_strike.customval_strike_damage	打击伤害值	Strike damage value	low	“暗影突袭”字段明确 strike_damage，未说明伤害类型。
greevil_time_lock.chance_pct	触发概率	Trigger Chance	low	活动技能字段 chance_pct 表示概率参数，邻接持续时间和额外伤害字段，触发条件不明。
grimstroke_dark_artistry.reflected_stroke	反射墨迹	Reflected Stroke	low	绝笔说明墨迹沿路径造成伤害，字段 reflected_stroke 为开关，具体反射行为未解释。
grimstroke_dark_artistry.vector_acceptable_radian_to_snap_velocity	吸附速度容许弧度	Acceptable Radian to Snap Velocity	low	绝笔字段 vector_acceptable_radian_to_snap_velocity 是指向参数，字段表达速度吸附所容许的弧度。
grimstroke_dark_artistry.vector_deg_turn_divisor	转向角度除数	Turn Angle Divisor	low	绝笔字段 vector_deg_turn_divisor 属于指向参数，表示转向角度计算的除数。
grimstroke_dark_artistry.vector_deg_turn_max	最大转向角度	Maximum Turn Angle	low	绝笔字段 vector_deg_turn_max 属于指向施法参数，表示最大转向角度。
grimstroke_dark_artistry.vector_distance_to_start_force_turning	开始强制转向的距离	Distance to Start Forced Turning	low	绝笔字段 vector_distance_to_start_force_turning 属于指向施法参数，表示开始强制转向的距离。
grimstroke_dark_artistry.vector_max_travel_time_multiplier	指向最大移动时间倍率	Vector Maximum Travel Time Multiplier	low	绝笔字段 vector_max_travel_time_multiplier 属于指向施法参数，移动时间基准不明。
grimstroke_dark_artistry.vector_min_cos_facing_angle	面向角余弦下限	Minimum Facing Angle Cosine	low	绝笔字段 vector_min_cos_facing_angle 与指向施法参数并列，名称直接保留角度余弦语义。
grimstroke_dark_artistry.vector_reticle_distance	指向准星距离	Vector Reticle Distance	low	绝笔字段 vector_reticle_distance 属于指向施法参数，表示准星距离。
grimstroke_dark_artistry.vector_reticle_radius	指向准星范围	Vector Reticle Radius	low	绝笔字段 vector_reticle_radius 带范围加成标记，表示准星范围参数。
grimstroke_dark_artistry.vector_strength	指向强度	Vector Strength	low	绝笔字段 vector_strength 属于指向施法参数，具体控制方式未由技能说明解释。
grimstroke_dark_portrait.images_do_damage_percent	幻象造成伤害比例	Image outgoing damage percentage	medium	“暗绘”说明召唤幻象，字段名指向幻象造成伤害比例。
grimstroke_dark_portrait.images_take_damage_percent	幻象承受伤害比例	Image incoming damage percentage	medium	“暗绘”说明召唤幻象，字段名指向幻象承受伤害比例。
grimstroke_ink_creature.enemy_vision_time	敌方视野持续时间	Enemy Vision Duration	low	字段 enemy_vision_time 表示敌方视野时长，技能说明未明确视野来源。
grimstroke_ink_creature.hero_attack_multiplier	英雄攻击倍率	Hero Attack Multiplier	medium	戾影说明英雄攻击计为三次，字段 hero_attack_multiplier 表示英雄攻击倍率。
grimstroke_ink_creature.infection_search_radius	感染搜寻范围	Infection Search Radius	low	戾影字段 infection_search_radius 表示感染目标的搜寻范围，具体对象未细述。
grimstroke_ink_creature.latched_unit_offset	缠绕单位偏移距离	Latched Unit Offset Distance	low	戾影会缠住目标，字段 latched_unit_offset 表示缠绕单位偏移距离。
grimstroke_ink_creature.latched_unit_offset_short	缠绕单位短距离偏移	Latched Unit Short Offset	low	字段 latched_unit_offset_short 表示缠绕单位的短偏移值。
grimstroke_ink_creature.spawn_time	幻影生成延迟	Phantom Spawn Delay	medium	戾影会快速向目标移动，字段 spawn_time 表示生成延迟。
grimstroke_ink_over.total_damage	总伤害	Total damage	low	“墨涌”缺少说明，字段名仅表明总伤害值。
grimstroke_soul_chain.bonus_reflected_spell_damage	额外反射技能伤害	Bonus reflected spell damage	low	“缚魂”字段明确为额外反射技能伤害，具体反射规则未说明。
grimstroke_soul_chain.chain_break_distance	链接断开距离	Chain break distance	medium	“缚魂”技能字段明确为链接断开距离。
grimstroke_soul_chain.creep_duration_pct	小兵持续时间比例	Creep duration percentage	low	“缚魂”字段名限定小兵持续时间比例，未说明比例所指基础值。
grimstroke_soul_chain.leash_limit_multiplier	束缚上限倍率	Leash limit multiplier	low	“缚魂”上下文有链接概念，字段名未说明 leash_limit 的参照值。
grimstroke_soul_chain.leash_radius_buffer	束缚半径缓冲值	Leash radius buffer	low	“缚魂”字段明确为束缚半径缓冲值，未说明单位。
grimstroke_spirit_walk.can_end_early	可提前结束	Can End Early	low	字段 can_end_early 是墨涌提前结束设定，但技能说明未说明结束方式。
grimstroke_spirit_walk.damage_per_tick	每周期伤害	Damage per Tick	medium	墨涌说明墨须持续造成伤害，字段 damage_per_tick 表示每次周期伤害。
grimstroke_spirit_walk.shard_creep_penalty	魔晶小兵惩罚值	Shard Creep Penalty	low	墨涌魔晶字段 shard_creep_penalty 未说明惩罚种类，保留对象和字段含义。
gyrocopter_call_down.missile_delay_tooltip	飞弹延迟提示值	Missile delay tooltip value	low	“召唤飞弹”字段表明飞弹延迟提示值，未确认是否为实际延迟。
gyrocopter_call_down.tracking_missile_damage	追踪飞弹伤害值	Tracking missile damage	medium	“召唤飞弹”字段明确为追踪飞弹伤害值，不指定伤害类型。
gyrocopter_call_down.tracking_strike_delay	追踪打击延迟	Tracking strike delay	low	“召唤飞弹”字段明确为追踪打击延迟。
gyrocopter_homing_missile.attack_speed_bonus_pct	攻击速度加成比例	Attack Speed Bonus Percentage	low	追踪导弹字段 attack_speed_bonus_pct 与攻击相关，但技能说明未说明加成对象与触发方式。
gyrocopter_homing_missile.enemy_vision_time	敌方视野持续时间	Enemy Vision Duration	low	追踪导弹字段 enemy_vision_time 表示敌方视野相关时长，具体视野来源不明。
gyrocopter_homing_missile.pre_flight_time	发射前延迟	Pre-flight Delay	medium	追踪导弹说明先发射导弹，字段 pre_flight_time 表示发射前延迟。
gyrocopter_rocket_barrage.rocket_interval	火箭发射间隔	Rocket Firing Interval	high	火箭弹幕描述持续齐射导弹，字段 rocket_interval 表示发射间隔。
gyrocopter_side_gunner_spawn_ability.double_target	双重目标设定	Double Target Setting	low	侧翼机枪字段 double_target 只表明双目标设定，技能说明缺失。
healing_campfire.heal_amount	治疗量	Heal amount	medium	“治疗营火”字段明确为治疗量。
healing_campfire.healing_aura_radius	治疗光环半径	Healing aura radius	medium	“治疗营火”字段明确为治疗光环半径。
high_five.acknowledge_range	回应作用范围	Acknowledgement Range	medium	high_five 字段 acknowledge_range 表示互动回应距离。
high_five.acknowledged_cooldown	回应后冷却时间	Cooldown After Acknowledgement	medium	字段 acknowledged_cooldown 表示回应后冷却时间。
high_five.high_five_speed	击掌动作速度	High Five Speed	low	high_five 字段 high_five_speed 表示击掌速度，具体运动对象未说明。
high_five.request_duration	请求持续时间	Request Duration	medium	high_five 字段 request_duration 表示请求的持续时间。
hoodwink_acorn_shot.can_bounce_off_of_trees	可从树木弹射	Can Bounce off Trees	medium	爆栗出击说明橡栗会弹射，字段 can_bounce_off_of_trees 受树木弹射天赋修正。
hoodwink_bushwhack.visual_height	视觉高度	Visual height	low	“野地奇袭”字段只标明视觉高度，未说明参照位置。
hoodwink_decoy.images_do_damage_percent	幻象造成伤害比例	Illusion Damage Percentage	medium	诱敌奇术说明产生诱饵幻象，字段 images_do_damage_percent 表示幻象伤害比例。
hoodwink_decoy.images_take_damage_percent	幻象承受伤害比例	Illusion Damage Taken Percentage	medium	诱敌奇术说明产生诱饵幻象，字段 images_take_damage_percent 表示幻象承受伤害比例。
hoodwink_forager.gold_amount	金币数量	Gold amount	low	“采集者”字段明确为金币数量，未说明获得条件。
hoodwink_forager.max_trees	树木数量上限	Maximum number of trees	medium	“采集者”字段明确为树木数量上限。
hoodwink_forager.old_destroy_radius	旧摧毁半径	Previous destroy radius	low	“采集者”字段使用 old_destroy_radius，旧版本语境不明，保留中性旧半径标签。
hoodwink_forager.tree_creation_interval	树木生成间隔	Tree creation interval	medium	“采集者”字段明确为树木生成间隔。
hoodwink_hunters_boomerang.spread	旋镖散开范围	Boomerang Spread	medium	猎手旋镖沿弧线飞出并返回，字段 spread 带范围加成标记，表示散开范围。
hoodwink_scurry.redirect_chance	转向触发概率	Redirect Chance	low	密林奔走说明存在转向几率，字段 redirect_chance 表示该概率。
hoodwink_sharpshooter.arrow_range	弩箭射程	Arrow Range	medium	一箭穿心说明射出致命弩箭，字段 arrow_range 表示弩箭射程。
hoodwink_sharpshooter.arrow_vision	弩箭视野范围	Arrow Vision Range	medium	一箭穿心字段 arrow_vision 带范围加成标记，表示弩箭相关视野范围。
hoodwink_sharpshooter.base_power	基础蓄力强度	Base Power	low	一箭穿心字段 base_power 与蓄力弩箭相邻，技能说明未解释强度的计算用途。
hoodwink_sharpshooter.pierce_debuff_immunity	穿透负面状态免疫	Pierce Debuff Immunity	low	一箭穿心字段 pierce_debuff_immunity 受纯粹伤害天赋修正，具体免疫交互未由说明确认。
hoodwink_sharpshooter.recoil_duration	后坐持续时间	Recoil Duration	low	一箭穿心字段 recoil_duration 表示后坐持续时间，动作细节未在说明中写明。
hoodwink_sharpshooter.recoil_height	后坐高度	Recoil Height	low	一箭穿心字段 recoil_height 与 recoil_duration 并列，技能说明未解释后坐的具体动作。
hoodwink_sharpshooter.vision_along_indicator	沿指示线提供视野	Vision Along Indicator	low	一箭穿心字段 vision_along_indicator 为开关，说明未描述指示线视野机制。
hoodwink_sharpshooter.vision_radius_buffer	视野范围缓冲	Vision Radius Buffer	low	一箭穿心字段 vision_radius_buffer 由视野天赋增加，具体缓冲逻辑不明。
hoodwink_tomokan_tracker.trail_duration	脚印持续时间	Trail Duration	medium	Tomokan Tracker 描述查看敌方英雄脚印，字段 trail_duration 表示脚印持续时间。
hoodwink_tomokan_tracker.trail_interval	脚印记录间隔	Trail Recording Interval	medium	Tomokan Tracker 描述追踪脚印，字段 trail_interval 表示记录间隔。
huskar_berserkers_blood.activatable	可主动启用标记	Activatable flag	low	“狂战士之血”字段仅标记可主动启用，未说明操作方式。
huskar_berserkers_blood.aura_effectiveness	光环效果强度	Aura effectiveness	low	“狂战士之血”字段仅表明光环效果强度，未说明数值方向。
huskar_inner_fire.min_knockback_distance	最小击退距离	Minimum Knockback Distance	high	心炎说明击退敌人，字段 min_knockback_distance 明确为距离下限。
huskar_inner_fire.min_knockback_duration	最短击退持续时间	Minimum Knockback Duration	high	心炎字段 min_knockback_duration 表示击退持续时间下限。
huskar_inner_vitality.attrib_bonus	属性加成	Attribute bonus	low	“活血术”字段明确为属性加成，未指明属性类别。
huskar_inner_vitality.hurt_attrib_bonus	受伤时属性加成	Attribute bonus when hurt	low	“活血术”字段名关联 hurt 状态与属性加成，未指明属性类别。
huskar_inner_vitality.hurt_percent	受伤比例	Hurt percentage	low	“活血术”字段只表明 hurt_percent，具体参照对象不明。
huskar_inner_vitality.tooltip_attrib_bonus	属性加成提示值	Attribute bonus tooltip value	low	“活血术”字段明确是属性加成提示值，未指明属性类别。
huskar_inner_vitality.tooltip_hurt_attrib_bonus	受伤时属性加成提示值	Hurt attribute bonus tooltip value	low	“活血术”字段明确是受伤时属性加成提示值，未指明属性类别。
huskar_life_break.charge_speed	冲锋速度	Charge Speed	medium	牺牲说明哈斯卡跃向目标，字段 charge_speed 表示冲锋速度。
huskar_life_break.health_cost_percent	生命消耗百分比	Health Cost Percentage	medium	牺牲说明哈斯卡牺牲自身生命，字段 health_cost_percent 表示消耗比例。
huskar_life_break.health_damage	生命伤害百分比	Health Damage Percentage	medium	牺牲说明按目标当前生命造成伤害，字段 health_damage 表示生命伤害比例。
huskar_life_break.life_break_heal_pct	牺牲治疗百分比	Life Break Heal Percentage	low	字段 life_break_heal_pct 只说明与牺牲治疗比例有关，技能说明未展开该治疗效果。
invoker_chaos_meteor.meteor_count	陨石数量	Meteor Count	medium	混沌陨石说明召唤流星，字段 meteor_count 由额外陨石天赋增加。
invoker_deafening_blast.radial_count	声波径向数量	Radial Count	low	超震声波说明向前释放声波，字段 radial_count 未解释计数对象，采用中性名称。
invoker_emp.damage_barriers	对屏障造成伤害	Damage to barriers	low	“电磁脉冲”上下文涉及法力，damage_barriers 字段指向屏障伤害但未说明计算规则。
invoker_forge_spirit.armor_per_attack	每次攻击增加的护甲	Armor per Attack	medium	熔炉精灵说明其护甲取决于祈求者元素等级，字段 armor_per_attack 指向每次攻击的护甲变化。
invoker_forge_spirit.spirit_mana	熔炉精灵魔法值	Forged Spirit Mana	medium	熔炉精灵技能说明创造熔炉精灵，字段 spirit_mana 表示其魔法值。
invoker_forge_spirit_ad.armor_per_attack	每次攻击护甲变化量	Armor Change per Attack	medium	熔炉精灵说明攻击熔化敌方英雄护甲，字段 armor_per_attack 表示每次攻击的护甲变化量。
invoker_forge_spirit_ad.extra_spirit_count_exort	火元素额外精灵数量	Exort Extra Spirit Count	medium	熔炉精灵字段 extra_spirit_count_exort 表示火元素带来的额外精灵数量。
invoker_forge_spirit_ad.extra_spirit_count_quas	冰元素额外精灵数量	Quas Extra Spirit Count	medium	熔炉精灵字段 extra_spirit_count_quas 表示冰元素带来的额外精灵数量。
invoker_ghost_walk.apply_ice_wall_debuff	施加寒冰之墙负面效果	Apply Ice Wall debuff	medium	“幽灵漫步”字段名明确提及寒冰之墙负面效果。
invoker_ghost_walk.aura_fade_time	光环渐隐时间	Aura fade time	low	“幽灵漫步”字段仅指出光环渐隐时间，具体光环未明。
invoker_ghost_walk_ad.apply_ice_wall_debuff	施加寒冰之墙负面效果	Apply Ice Wall Debuff	low	幽灵漫步（OMG）字段 apply_ice_wall_debuff 受碎片修正，效果说明未说明寒冰之墙负面状态如何触发。
invoker_ice_wall.glacier_formation_delay	冰川形成延迟	Glacier formation delay	medium	“寒冰之墙”字段明确为冰川形成延迟。
invoker_ice_wall.glacier_formation_speed	冰川形成速度	Glacier formation speed	medium	“寒冰之墙”字段明确为冰川形成速度。
invoker_ice_wall.vector_cast_range	向量施法距离	Vector cast range	medium	“寒冰之墙”字段明确为向量施法距离。
invoker_ice_wall.wall_place_distance	墙体放置距离	Wall placement distance	medium	“寒冰之墙”字段明确为墙体放置距离。
invoker_ice_wall_ad.root_damage	缠绕伤害	Root Damage	low	寒冰之墙字段 root_damage 受神杖修正，说明未解释缠绕造成伤害的条件。
invoker_ice_wall_ad.root_delay	缠绕延迟	Root Delay	low	寒冰之墙字段 root_delay 受神杖修正，说明未交代缠绕效果的触发时点。
invoker_ice_wall_ad.vector_cast_range	指向施法距离	Vector Cast Range	low	寒冰之墙字段 vector_cast_range 受神杖修正，表示指向施法距离。
invoker_ice_wall_ad.wall_width	冰墙宽度	Wall Width	medium	寒冰之墙说明在祈求者前方创造冰墙，字段 wall_width 带范围加成和神杖修正。
invoker_sun_strike.create_forged_spirit_on_hero_damage	对英雄造成伤害时生成熔炉精灵	Create Forged Spirit on Hero Damage	low	阳炎冲击字段 create_forged_spirit_on_hero_damage 仅说明伤害与生成的条件关联。
invoker_sun_strike_ad.create_forged_spirit_on_hero_damage	对英雄造成伤害时生成熔炉精灵	Create Forged Spirit on Hero Damage	low	阳炎冲击（OMG）字段 create_forged_spirit_on_hero_damage 仅说明伤害与生成的条件关联。
invoker_tornado.quas_damage	冰元素伤害值	Quas Damage Value	low	强袭飓风字段 quas_damage 仅能确定冰元素关联的伤害数值，当前值为零不代表无效。
invoker_tornado.twister_distance_interval	飓风距离间隔	Tornado Distance Interval	low	强袭飓风字段 twister_distance_interval 未说明测量方式，按字面保留距离间隔。
invoker_tornado_ad.quas_damage	Quas 伤害值	Quas damage value	low	“强袭飓风（OMG）”字段按 Quas 修饰语与 damage 命名，不扩展为其他伤害来源。
invoker_tornado_ad.twister_damage	旋风伤害值	Twister damage value	medium	“强袭飓风（OMG）”字段明确为旋风伤害值。
invoker_tornado_ad.twister_distance_interval	旋风距离间隔	Twister distance interval	low	“强袭飓风（OMG）”字段明确距离间隔，不将 interval 解释为时间。
invoker_tornado_ad.twister_duration	旋风持续时间	Twister duration	medium	“强袭飓风（OMG）”字段明确为持续时间。
jakiro_double_trouble.second_attack_delay	第二次攻击延迟	Second Attack Delay	medium	天生一对说明两个头都会攻击，字段 second_attack_delay 表示第二次攻击的延迟。
jakiro_dual_breath.speed_fire	火焰吐息速度	Fire Breath Speed	medium	冰火交加由冰焰两段吐息组成，字段 speed_fire 表示火焰段速度。
jakiro_ice_path.detonate_projectile_speed	引爆弹道速度	Detonate Projectile Speed	low	冰封路径字段 detonate_projectile_speed 为 0，名称指向引爆弹道速度，具体用途不明。
jakiro_liquid_fire.shares_cooldown	与液态冰共享冷却	Shares Cooldown with Liquid Frost	high	液态火说明与液态冰共用冷却，字段 shares_cooldown 为此设定。
jakiro_liquid_ice.shares_cooldown	共享冷却标记	Shares Cooldown Flag	low	液态冰字段 shares_cooldown 受碎片修正，说明未解释共享冷却的对象。
jakiro_macropyre.ice_edge_linger_duration	冰缘路径残留时间	Ice Edge Path Linger Duration	low	字段 ice_edge_linger_duration 明确是冰缘路径的残留时间。
jakiro_macropyre.ice_edge_path_offset	冰缘路径偏移	Ice Edge Path Offset	low	字段 ice_edge_path_offset 未在烈焰焚身说明中展开，保留路径偏移含义。
jakiro_macropyre.ice_edge_path_radius	冰缘路径作用范围	Ice Edge Path Radius	low	字段 ice_edge_path_radius 未在烈焰焚身说明中展开，保留冰缘路径范围含义。
jakiro_macropyre.pure_damage_type	纯粹伤害类型设定	Pure Damage Type Setting	low	烈焰焚身说明造成纯粹伤害，字段 pure_damage_type 表示伤害类型设定。
juggernaut_blade_dance.blade_dance_lifesteal	剑舞吸血	Blade Dance Lifesteal	medium	剑舞字段 blade_dance_lifesteal 受天赋增加，技能说明中的攻击暴击与此吸血参数并列。
juggernaut_blade_fury.can_crit	可触发暴击标记	Can crit flag	medium	“剑刃风暴”字段名标明是否可暴击。
juggernaut_duelist.front_angle	正面判定角度	Front-facing Angle	medium	决斗达人说明对面朝主宰的目标造成更多伤害，字段 front_angle 表示正面判定角度。
juggernaut_healing_ward.healing_ward_bonus_health	治疗守卫额外生命值	Healing Ward bonus health	medium	“治疗守卫”字段明确为守卫额外生命值。
juggernaut_innate_mask_crit_lifesteal.blade_dance_lifesteal_consumed_tooltip	剑舞吸血消耗提示	Blade Dance Lifesteal Consumed Tooltip	low	主宰天生技能字段 blade_dance_lifesteal_consumed_tooltip 是提示值，技能说明缺失，消耗机制不明。
juggernaut_innate_mask_crit_lifesteal.lifesteal_flat_tooltip	吸血固定值提示	Flat Lifesteal Tooltip	low	主宰天生技能字段 lifesteal_flat_tooltip 是提示值，技能说明缺失，吸血规则不明。
juggernaut_innate_mask_spin_crit.mana_reduction_on_hit_tooltip	命中时魔法消耗缩减提示值	Mana reduction on hit tooltip value	low	字段未提供技能名，仅说明命中时魔法缩减提示值，具体作用对象不明。
juggernaut_trinity.amplitude	振幅数值	Amplitude Value	low	对象说明缺失，字段 amplitude 未说明所指参数单位，保留中性名称。
juggernaut_trinity.attack_count	攻击次数	Attack Count	low	对象说明缺失，字段 attack_count 表示攻击次数。
juggernaut_trinity.bladeform_stacks_granted	授予剑形态层数	Bladeform Stacks Granted	low	字段 bladeform_stacks_granted 表示授予的剑形态层数，技能说明缺失。
juggernaut_trinity.jump_attack_radius	跳跃攻击范围	Jump Attack Radius	low	对象说明缺失，字段 jump_attack_radius 表示跳跃攻击范围。
juggernaut_trinity.max_jumps	最大跳跃次数	Maximum Jump Count	low	对象说明缺失，字段 max_jumps 仅支持跳跃次数上限的字面命名。
juggernaut_vaulted_strike.bladeform_stacks_granted	赋予剑刃形态层数	Bladeform stacks granted	low	“跃击”字段明确为授予的 bladeform 层数，具体层数效果未描述。
juggernaut_vaulted_strike.jump_attack_radius	跳跃攻击半径	Jump attack radius	medium	“跃击”字段明确为跳跃攻击半径。
juggernaut_vaulted_strike.max_slashes	斩击次数上限	Maximum number of slashes	medium	“跃击”字段明确为斩击次数上限。
juggernaut_vaulted_strike.slash_end_radius	斩击结束半径	Slash end radius	medium	“跃击”字段明确为斩击结束半径。
juggernaut_vaulted_strike.slash_projectile_speed	斩击投射物速度	Slash projectile speed	medium	“跃击”字段明确为斩击投射物速度。
juggernaut_vaulted_strike.slash_start_radius	斩击起始半径	Slash start radius	medium	“跃击”字段明确为斩击起始半径。
juggernaut_vaulted_strike.slashes_duration	斩击持续时间	Slashes duration	medium	“跃击”字段明确为斩击持续时间。
juggernaut_vaulted_strike.start_height	起始高度	Start height	low	“跃击”字段明确为起始高度，参照对象未说明。
juggernaut_vaulted_strike.start_offset_distance	起始偏移距离	Start offset distance	low	“跃击”字段明确为起始偏移距离，方向未说明。
keeper_of_the_light_chakra_magic.mana_leak_pct	魔法流失比例	Mana Leak Percentage	low	查克拉魔法说明会恢复魔法，字段 mana_leak_pct 未在说明中解释，保留中性字段语义。
keeper_of_the_light_illuminate.channel_vision_duration	引导视野持续时间	Channel Vision Duration	low	冲击波字段 channel_vision_duration 表示引导视野持续时间，适用视野对象不明。
keeper_of_the_light_illuminate.channel_vision_interval	引导视野检测间隔	Channel Vision Interval	low	冲击波字段 channel_vision_interval 表示视野检测间隔，技能说明未展开检测方式。
keeper_of_the_light_illuminate.channel_vision_radius	引导视野范围	Channel Vision Radius	medium	冲击波说明引导后发出光波并获得视野，字段 channel_vision_radius 带范围加成标记。
keeper_of_the_light_illuminate.channel_vision_step	引导视野步进距离	Channel Vision Step	low	冲击波字段 channel_vision_step 与引导视野半径和间隔并列，表示步进距离。
keeper_of_the_light_mana_leak.mana_leak_pct	魔法流失百分比	Mana Leak Percentage	low	对象名 mana_leak 与字段 mana_leak_pct 表示魔法流失百分比，描述缺失。
keeper_of_the_light_mana_magnifier.bonus_mana_pct	魔法值加成比例	Bonus Mana Percentage	low	光之守卫技能字段 bonus_mana_pct 表示魔法值加成比例，技能说明缺失。
keeper_of_the_light_recall.movespeed_bonus_duration	移动速度加成持续时间	Movement Speed Bonus Duration	high	召回说明施放后获得移动速度加成，字段 movespeed_bonus_duration 表示其持续时间。
keeper_of_the_light_will_o_wisp.bounty	击杀奖励	Bounty	low	灵光字段 bounty 表示奖励参数，技能说明未说明奖励类型或获得者。
keeper_of_the_light_will_o_wisp.fixed_movement_speed	固定移动速度	Fixed Movement Speed	low	灵光字段 fixed_movement_speed 表示固定移动速度，技能说明未说明对应对象。
keeper_of_the_light_will_o_wisp.off_duration_initial	初始闪灭时间	Initial Off Duration	medium	灵光说明幻火交替闪亮和闪灭，字段 off_duration_initial 表示初始闪灭时间。
keeper_of_the_light_will_o_wisp.on_count	闪亮次数	On Count	low	灵光说明幻火交替闪亮和闪灭，字段 on_count 表示闪亮次数。
kez_echo_slash.tag_slow_duration	减速持续时间	Tag Slow Duration	medium	回音重斩说明施加短暂减速，字段 tag_slow_duration 表示减速持续时间。
kez_echo_slash.travel_distance	斩击距离	Slash Travel Distance	medium	回音重斩说明沿直线斩击一定距离，字段 travel_distance 表示斩击距离。
kez_falcon_rush.break_range	冲刺中断距离	Rush Break Range	medium	天隼冲击说明凯冲向目标，字段 break_range 表示冲刺中断距离。
kez_falcon_rush_ad.base_echo_damage	基础回响伤害	Base echo damage	low	“Falcon Rush”字段名指 echo 伤害，技能说明缺失，保留基础值含义。
kez_falcon_rush_ad.break_range	断开距离	Break range	low	“Falcon Rush”字段名仅说明断开距离，未说明断开的对象或条件。
kez_falcon_rush_ad.echo_proc_chance_reduction	回响触发概率削减	Echo proc chance reduction	low	“Falcon Rush”字段名明确回响触发概率的削减幅度。
kez_falcon_rush_ad.rush_range	冲刺距离	Rush range	medium	“Falcon Rush”字段名明确为冲刺距离。
kez_falcon_rush_ad.rush_speed	冲刺速度	Rush speed	medium	“Falcon Rush”字段名明确为冲刺速度。
kez_grappling_claw.grapple_speed	抓钩摆荡速度	Grapple Travel Speed	medium	制敌爪钩说明发射抓钩并摆荡过去，字段 grapple_speed 表示摆荡速度。
kez_grappling_claw.land_distance	落地距离	Landing Distance	medium	制敌爪钩说明凯摆荡至目标，字段 land_distance 表示落地点距离参数。
kez_grappling_claw.max_distance_break	最大距离中断阈值	Maximum Distance Break Threshold	low	字段 max_distance_break 表示达到距离时中断，技能说明未交代判定细节。
kez_raptor_dance.hard_dispel	强驱散标记	Hard Dispel Flag	low	猛禽之舞字段 hard_dispel 为开关，技能说明提到弱驱散，强驱散标记的作用未解释。
kez_raptor_dance.strike_interval	斩击间隔	Strike Interval	medium	猛禽之舞说明发动多次斩击，字段 strike_interval 表示斩击间隔。
kez_ravens_veil.apply_parry_bonus	招架加成标记	Apply Parry Bonus Flag	low	渡鸦之纱字段 apply_parry_bonus 受招架相关天赋修正，说明未解释其触发细节。
kez_ravens_veil.mark_only_heroes	仅标记英雄	Mark Only Heroes	medium	渡鸦之纱说明会给附近敌人施加标记，第二版字段 mark_only_heroes 指明只选择英雄。
kez_ravens_veil_ad.apply_parry_bonus	施加招架加成	Apply Parry Bonus	low	字段 apply_parry_bonus 仅说明招架加成关联，未推断具体触发机制。
kez_ravens_veil_ad.blast_radius	爆发作用范围	Blast Radius	low	对象缺少说明，字段 blast_radius 仅支持爆发作用范围的中性命名。
kez_ravens_veil_ad.blast_speed	爆发速度	Blast Speed	low	对象缺少说明，字段 blast_speed 未说明运动对象，保留中性速度名称。
kez_ravens_veil_ad.bonus_ms	移动速度加成	Movement Speed Bonus	low	字段 bonus_ms 表示移动速度加成，对象说明缺失。
kez_ravens_veil_ad.mark_only_heroes	仅标记英雄	Mark Heroes Only	medium	字段 mark_only_heroes 表明标记对象限于英雄，但该技能上下文缺少说明。
kez_ravens_veil_ad.slow	减速数值	Slow Amount	low	字段 slow 未说明作用对象和单位，保留中性减速数值名称。
kez_shadowhawk_passive.invis_bonus_crit	隐身暴击加成	Invisibility bonus crit	low	“Shadowhawk”字段名标明隐身相关暴击加成，未解释该字段是否为概率或伤害。
kez_shadowhawk_passive.invis_bonus_duration	隐身额外持续时间	Invisibility bonus duration	low	“Shadowhawk”字段名标明隐身持续时间加成，具体触发条件未给出。
kez_shodo_sai.parry_only_heroes	招架仅针对英雄	Parry Only Heroes	low	翔影之钗说明可以主动招架并标记敌人，第二版字段 parry_only_heroes 将招架对象限定为英雄。
kez_shodo_sai.speed_penalty	移动速度惩罚	Movement Speed Penalty	low	翔影之钗字段 speed_penalty 表示速度惩罚，技能说明未说明惩罚对象与条件。
kez_shodo_sai_ad.base_crit_pct	基础暴击比例	Base critical strike percentage	low	“Shodo Sai”字段名明确基础暴击比例，未说明该比例是概率还是伤害。
kez_shodo_sai_ad.parry_bonus_crit	招架暴击加成	Parry bonus critical strike	low	“Shodo Sai”字段名明确关联招架的暴击加成，未说明其计算形式。
kez_shodo_sai_ad.parry_bonus_stun_duration	招架额外眩晕持续时间	Parry bonus stun duration	medium	“Shodo Sai”字段明确为招架附带的额外眩晕持续时间。
kez_shodo_sai_ad.parry_duration	招架持续时间	Parry duration	medium	“Shodo Sai”字段明确为招架持续时间。
kez_shodo_sai_ad.parry_only_heroes	招架仅针对英雄标记	Parry only heroes flag	low	“Shodo Sai”字段名标记招架只针对英雄，具体招架规则未说明。
kez_shodo_sai_ad.parry_stun_duration	招架眩晕持续时间	Parry stun duration	medium	“Shodo Sai”字段明确为招架眩晕持续时间。
kez_shodo_sai_ad.sai_proc_vuln_chance	Sai 触发易伤概率	Sai proc vulnerability chance	low	“Shodo Sai”字段名说明 Sai 触发易伤的概率，技能文本缺失。
kez_shodo_sai_ad.speed_penalty	速度惩罚值	Speed penalty	low	“Shodo Sai”字段名只说明速度惩罚值，未指明速度类别。
kez_shodo_sai_ad.vuln_duration	易伤持续时间	Vulnerability duration	low	“Shodo Sai”字段名明确易伤持续时间。
kez_talon_toss.attack_factor	攻击系数	Attack Factor	low	利爪飞掷说明施加一次固定伤害攻击，字段 attack_factor 表示攻击系数参数。
kez_talon_toss_ad.attack_factor	攻击系数	Attack Factor	low	利爪飞掷（OMG）字段 attack_factor 与伤害及沉默字段并列，作用细节未由技能说明确认。
kunkka_ghostship.base_cannon_rotation	舰炮基础旋转角度	Base Cannon Rotation	low	幽灵船字段 base_cannon_rotation 与每炮旋转量并列，表示舰炮基础旋转角度。
kunkka_ghostship.cannon_ball_distance	炮弹距离	Cannonball Distance	medium	幽灵船字段 cannon_ball_distance 受神杖修正，表示舰炮炮弹距离。
kunkka_ghostship.cannon_ball_radius	炮弹范围	Cannonball Radius	medium	幽灵船字段 cannon_ball_radius 受神杖修正，表示炮弹范围。
kunkka_ghostship.cannon_ball_speed	炮弹速度	Cannonball Speed	medium	幽灵船字段 cannon_ball_speed 受神杖修正，表示舰炮炮弹速度。
kunkka_ghostship.cannon_count	舰炮数量	Cannon Count	medium	幽灵船字段 cannon_count 受神杖修正，表示舰炮数量。
kunkka_ghostship.cannon_fire_interval	舰炮发射间隔	Cannon Fire Interval	medium	幽灵船字段 cannon_fire_interval 受神杖修正，表示舰炮发射间隔。
kunkka_ghostship.distance_between_cannons	舰炮间距	Distance between Cannons	medium	幽灵船字段 distance_between_cannons 表示舰炮之间的距离。
kunkka_ghostship.fire_cannons	发射舰炮	Fire Cannons	low	幽灵船字段 fire_cannons 由神杖开启，表示发射舰炮的开关，具体流程未在说明中展开。
kunkka_ghostship.initial_cannon_offset	舰炮初始偏移	Initial Cannon Offset	low	幽灵船字段 initial_cannon_offset 表示舰炮初始偏移量，具体参照位置不明。
kunkka_ghostship.rotation_per_cannon	每门舰炮旋转角度	Rotation per Cannon	low	幽灵船字段 rotation_per_cannon 表示每门舰炮的旋转角度。
kunkka_tidebringer.movespeed_slow_duration	移动速度减缓持续时间	Movement Speed Slow Duration	low	潮汐使者字段 movespeed_slow_duration 表示减速持续时间，技能说明未展开该效果。
kunkka_tidebringer.pierces_armor	穿透护甲	Pierces Armor	low	潮汐使者字段 pierces_armor 仅说明护甲穿透设定，未推断其作用对象。
kunkka_torrent.percent_instant	即时百分比数值	Instant Percentage Value	low	洪流字段 percent_instant 未说明百分比对象，采用中性名称。
kunkka_torrent_storm.torrent_duration	洪流持续时间	Torrent Duration	low	字段 torrent_duration 表示洪流持续时间，数值尚未提供。
kunkka_torrent_storm.torrent_interval	洪流施放间隔	Torrent Cast Interval	low	字段 torrent_interval 表示洪流施放间隔，数值尚未提供。
kunkka_torrent_storm.torrent_max_distance	洪流最大距离	Maximum Torrent Distance	low	字段 torrent_max_distance 表示洪流距离上限，未说明测量起点。
kunkka_torrent_storm.torrent_min_distance	洪流最小距离	Minimum Torrent Distance	low	字段 torrent_min_distance 表示洪流距离下限，未说明测量起点。
kunkka_x_marks_the_spot.ally_armor	队友护甲	Ally armor	low	“X标记”字段名明确为队友护甲，未说明增减方向。
kunkka_x_marks_the_spot.ally_ms	队友移动速度	Ally movement speed	low	“X标记”字段名提供 ally_ms，按常见缩写展开为队友移动速度。
kunkka_x_marks_the_spot.fow_duration	战争迷雾持续时间	Fog of war duration	low	“X标记”字段名为 fow_duration，具体战争迷雾效果未说明。
kunkka_x_marks_the_spot.fow_range	战争迷雾范围	Fog of war range	low	“X标记”字段名为 fow_range，未说明是视野还是迷雾范围。
kunkka_x_marks_the_spot.ghostship_absorb	幽灵船吸收值	Ghostship absorb value	low	“X标记”字段名仅说明幽灵船吸收值，未解释吸收对象。
kunkka_x_marks_the_spot.movespeed_bonus	移动速度加成	Movement speed bonus	medium	“X标记”字段名明确为移动速度加成。
largo_amphibian_rhapsody.armor_ally_pct	友军护甲百分比	Ally Armor Percentage	low	字段 armor_ally_pct 表示友军护甲百分比，但说明未说明增减方向。
largo_amphibian_rhapsody.double_song	双重乐曲设定	Double Song Setting	low	字段 double_song 未说明双重乐曲的具体效果，保留中性设定名称。
largo_amphibian_rhapsody.rhythm_grace_period	节奏宽限时间	Rhythm Grace Period	medium	两栖狂想曲说明乐曲须合拍生效，字段 rhythm_grace_period 表示节奏判定宽限时间。
largo_amphibian_rhapsody.stack_decrement_on_exit	退出时层数变化量	Stack Change on Exit	low	字段 stack_decrement_on_exit 未说明离开时层数变化方向，采用中性名称。
largo_croak_of_genius.damage_aoe	伤害作用范围	Damage Area of Effect	medium	灵呱一闪字段 damage_aoe 与伤害回响说明相邻，表示伤害作用范围参数。
largo_croak_of_genius.damage_hp_pct	生命值伤害比例	Health Damage Percentage	low	灵呱一闪字段 damage_hp_pct 由天赋开启，技能说明谈到造成伤害后的回响但未说明生命值伤害基数。
largo_croak_of_genius.damage_threshold	伤害阈值	Damage Threshold	medium	灵呱一闪说明伤害造成后会回响，字段 damage_threshold 表示触发相关阈值。
largo_croak_of_genius.slow	减速参数	Slow Parameter	low	灵呱一闪字段 slow 为 0，技能说明提到回响效果但未说明该减速参数的对象。
largo_encore.repeat_buff	重复增益	Repeat Buff	medium	安可说明延长增益持续时间，字段 repeat_buff 表示增益重复设定。
largo_frogstomp.delay	蛙力千钧延迟	Frogstomp Delay	medium	蛙力千钧说明投出小青蛙后踩地，字段 delay 表示触发延迟。
largo_song_double_time.double_song	双重歌曲标记	Double song flag	low	“疾步生风”字段名只支持双重歌曲的中性标签，实际行为未说明。
largo_song_double_time.song_cost_reduction_per_stack	每层歌曲消耗缩减	Song cost reduction per stack	medium	“疾步生风”字段明确为每层对应的歌曲消耗缩减。
largo_song_fight_song.double_song	双重乐曲设定	Double Song Setting	low	巨腹闪电战字段 double_song 未说明双重乐曲的具体效果，保留中性设定名称。
largo_song_fight_song.song_cost_reduction_per_stack	每层乐曲消耗降低值	Song Cost Reduction per Stack	low	字段 song_cost_reduction_per_stack 表示每层的乐曲消耗降低值。
largo_song_good_vibrations.double_song	双重演奏标记	Double Song Flag	low	大屿灵药说明会治疗友方英雄，字段 double_song 受神杖修正，具体双重演奏效果不明。
largo_song_good_vibrations.song_cost_reduction_per_stack	每层演奏消耗减少	Song Cost Reduction per Stack	low	大屿灵药字段 song_cost_reduction_per_stack 表示每层消耗减少，技能说明未说明叠层来源。
legion_commander_duel.duel_refresh_on_victory	胜利后决斗刷新	Duel refresh on victory	medium	“决斗”字段明确标记胜利后冷却重置。
legion_commander_duel.team_duel	团队决斗标记	Team duel flag	low	“决斗”字段名标记 team duel 状态，具体行为未说明。
legion_commander_duel.team_duel_damage_pct	团队决斗伤害比例	Team duel damage percentage	low	“决斗”字段明确团队决斗伤害比例，未说明方向。
legion_commander_duel.team_duel_radius	团队决斗半径	Team duel radius	low	“决斗”字段明确团队决斗半径。
legion_commander_duel.trigger_pta_on_victory	胜利时触发 PTA 标记	Trigger PTA on victory flag	low	“决斗”字段名提供胜利触发条件和 PTA 缩写，PTA 含义未知。
legion_commander_intimidate.grants_restore_amp	授予恢复增强	Grants Restoration Amplification	low	字段 grants_restore_amp 表示授予恢复增强，技能说明缺失。
legion_commander_intimidate.hp_cost_perc	生命消耗百分比	Health Cost Percentage	low	字段 hp_cost_perc 表示生命消耗百分比，技能说明缺失。
legion_commander_intimidate.reduction	降低数值	Reduction Value	low	字段 reduction 未说明降低的对象与单位，采用中性名称。
legion_commander_intimidate.stuns	眩晕相关数值	Stun-Related Value	low	字段 stuns 未说明是开关、次数或时长，保留眩晕相关的中性名称。
legion_commander_moment_of_courage.secondary_attack_damage	反击攻击伤害比例	Counterattack Damage Percentage	medium	勇气之霎说明受到攻击后会反击，字段 secondary_attack_damage 表示反击伤害参数。
legion_commander_overwhelming_odds.bonus_attack_speed_creeps	非英雄单位攻击速度加成	Creep Attack Speed Bonus	low	压倒性优势字段 bonus_attack_speed_creeps 为 0，邻接攻击速度加成字段，具体适用规则不明。
legion_commander_press_the_attack.immunity_duration	免疫持续时间	Immunity Duration	low	强攻说明移除友方负面效果且提供增益，字段 immunity_duration 受天赋修正，具体免疫对象不明。
legion_commander_press_the_attack.immunity_resist	免疫抗性参数	Immunity Resistance Parameter	low	强攻字段 immunity_resist 受天赋修正，技能说明未确认其对应的抗性机制。
leshrac_diabolic_edict.tower_bonus	建筑额外伤害	Bonus Damage to Buildings	low	恶魔敕令说明伤害建筑，字段 tower_bonus 与建筑伤害修正对应。
leshrac_lightning_storm.bounce_twice	弹跳两次标记	Bounce twice flag	medium	“闪电风暴”字段名表示弹跳两次。
leshrac_lightning_storm.pulse_nova_lightning_interval	脉冲新星闪电间隔	Pulse Nova lightning interval	low	“闪电风暴”字段名说明脉冲新星闪电间隔，未给出时间单位。
leshrac_pulse_nova.damage_resistance	伤害抗性参数	Damage Resistance Parameter	low	脉冲新星字段 damage_resistance 受天赋增加，但技能说明只描述脉冲伤害，抗性具体对象不明。
lich_chain_frost.has_unlimited_jumps	无限弹跳	Has Unlimited Jumps	medium	连环霜冻说明弹跳次数有限，字段 has_unlimited_jumps 表示无限弹跳设定。
lich_chain_frost.initial_projectile_speed	初始弹道速度	Initial Projectile Speed	high	连环霜冻说明释放霜冻之球，字段 initial_projectile_speed 表示初始弹道速度。
lich_chain_frost.should_fire_chain_frost_on_death	死亡时发射连环霜冻	Fire Chain Frost on Death	low	字段 should_fire_chain_frost_on_death 表示死亡时发射连环霜冻的条件设定。
lich_dark_sorcery.attack_count	攻击次数	Attack Count	low	巫妖技能字段 attack_count 与魔法吸取、攻速和生命消耗邻接，技能说明缺失。
lich_frost_armor.slow_attack_speed	攻击速度减速值	Attack speed slow value	medium	冰霜护甲字段名明确攻击速度减速。
lich_frost_armor.slow_movement_speed	移动速度减速值	Movement speed slow value	medium	冰霜护甲字段名明确移动速度减速。
lich_sinister_gaze.channel_duration	持续施法时间	Channel Duration	medium	阴邪凝视说明需要持续施法吸取魔法，字段 channel_duration 与施法时间及天赋修正一致。
lich_sinister_gaze.post_gaze_debuff_duration_multiplier	凝视后负面状态持续时间倍率	Post-Gaze Debuff Duration Multiplier	low	阴邪凝视字段 post_gaze_debuff_duration_multiplier 表示凝视后负面状态时长倍率，具体负面状态未说明。
life_stealer_assimilate.order_lock_duration	指令锁定持续时间	Order Lock Duration	low	对象说明缺失，字段 order_lock_duration 表示指令锁定持续时间。
life_stealer_assimilate_eject.damage_tooltip	伤害提示值	Damage tooltip value	low	吞噬/弹出相关字段仅标记 tooltip 伤害值，未确认实际效果。
life_stealer_corpse_eater.bonus_hp_per_creep	每个非英雄单位提供的生命值	Bonus HP per Creep	low	噬尸鬼技能字段 bonus_hp_per_creep 表示按非英雄单位计的生命值加成，说明缺失。
life_stealer_corpse_eater.bonus_hp_per_hero	每名英雄提供的生命值	Bonus HP per Hero	low	噬尸鬼技能字段 bonus_hp_per_hero 表示按英雄计的生命值加成，说明缺失。
life_stealer_feast.creep_deny_percent	小兵反补百分比	Creep Deny Percentage	low	盛宴上下文涉及攻击和击杀单位，字段 creep_deny_percent 未说明具体计量用途，保留字面含义。
life_stealer_ghoul_frenzy.movement_speed_bonus	移动速度加成	Movement speed bonus	medium	“尸鬼狂怒”字段明确移动速度加成。
life_stealer_infest.can_target_ancients	可选择远古单位	Can Target Ancient Units	high	感染说明可选择敌方非英雄或中立单位，字段 can_target_ancients 明确补充远古单位目标条件。
life_stealer_infest.dot_tick_interval	持续伤害间隔	Damage-over-Time Tick Interval	medium	感染说明有持续失去生命的效果，字段 dot_tick_interval 表示周期伤害间隔。
life_stealer_infest.open_wounds_duration_pct	开放伤口持续时间百分比	Open Wounds Duration Percentage	low	感染字段 open_wounds_duration_pct 未在技能说明中展开，按变量名标出持续时间比例。
life_stealer_open_wounds.attack_speed_on_target	目标攻击速度	Target attack speed	low	“撕裂伤口”字段名标记目标攻击速度，未说明增减方向。
life_stealer_open_wounds.max_health_as_damage_pct	生命值上限对应伤害比例	Maximum health as damage percentage	low	“撕裂伤口”字段名提供生命值上限与伤害比例关系，不推定计算对象。
life_stealer_open_wounds.reset_cooldown_on_kill	击杀时重置冷却标记	Reset cooldown on kill flag	medium	“撕裂伤口”字段名明确击杀时是否重置冷却。
life_stealer_open_wounds.slow_step_pct_of_max	减速阶段占最大值比例	Slow step percentage of maximum	low	“撕裂伤口”字段名明确为减速阶段相对最大值的比例。
life_stealer_open_wounds.slow_steps	减速阶段数值	Slow step values	low	“撕裂伤口”字段为 slow_steps，表示分段减速数值但未解释阶段含义。
life_stealer_open_wounds.spread_radius	扩散半径	Spread radius	low	“撕裂伤口”字段名明确扩散半径，扩散对象未说明。
life_stealer_rage.debuff_immunity	负面状态免疫标记	Debuff Immunity Flag	medium	狂暴说明进入负面状态免疫，字段 debuff_immunity 为对应开关。
lina_dragon_slave.dragon_slave_distance	龙破斩距离	Dragon Slave Distance	medium	龙破斩说明发出一波火焰，字段 dragon_slave_distance 表示火焰波距离。
lina_dragon_slave.dragon_slave_speed	龙破斩速度	Dragon Slave Speed	medium	龙破斩说明发出一波火焰，字段 dragon_slave_speed 表示波的速度。
lina_dragon_slave.dragon_slave_width_end	龙破斩末端宽度	Dragon Slave End Width	medium	龙破斩字段 dragon_slave_width_end 带范围加成标记，与初始宽度共同描述火焰宽度。
lina_dragon_slave.dragon_slave_width_initial	龙破斩初始宽度	Dragon Slave Initial Width	medium	龙破斩字段 dragon_slave_width_initial 带范围加成标记，与末端宽度共同描述火焰宽度。
lina_fiery_soul.fiery_soul_magic_resist	炽魂魔法抗性	Fiery Soul Magic Resistance	medium	炽魂说明技能命中后获得叠加效果，字段 fiery_soul_magic_resist 表明该效果的魔法抗性。
lina_flame_cloak.visualzdelta	视觉高度偏移	Visual Height Offset	low	腾焰斗篷字段 visualzdelta 是视觉参数，未有说明解释其坐标基准。
lina_flame_cloak.zchangespeed	高度变化速度	Height Change Speed	low	腾焰斗篷字段 zchangespeed 表示高度变化速度，视觉用途未在说明中解释。
lina_laguna_blade.barrier_pct	护盾比例	Barrier Percentage	low	神灭斩字段 barrier_pct 为 0，邻接护盾相关提示但说明未解释比例作用。
lina_laguna_blade.pierce_immunity	穿透免疫标记	Pierce Immunity Flag	low	神灭斩字段 pierce_immunity 为开关，技能说明未解释其免疫交互。
lina_slow_burn.additional_tick_total_damage_tooltip	额外周期伤害总量	Additional Total Tick Damage	low	慢热字段名指向额外周期伤害总量，当前说明未解释该提示数值。
lina_slow_burn.impact_damage_pct	命中伤害百分比	Impact Damage Percentage	medium	慢热说明额外烧灼伤害按原伤害比例计算，字段 impact_damage_pct 表示命中伤害比例。
lina_slow_burn.target_crit_multiplier	目标暴击倍率	Target Critical Strike Multiplier	low	慢热字段 target_crit_multiplier 未由技能说明解释，按变量名中性命名。
lion_impale.cone_shaped	锥形范围标记	Cone-shaped flag	medium	“裂地尖刺”字段名明确形状为锥形。
lion_impale.length_buffer	长度缓冲值	Length buffer	low	“裂地尖刺”字段名仅说明长度缓冲值，具体用途不明。
lion_impale.pierces_immunity	穿透免疫标记	Pierces immunity flag	medium	“裂地尖刺”字段名明确是否穿透免疫。
lion_to_hell_and_back.damage_window	伤害统计时间窗	Damage Window	low	下地狱再上来字段 damage_window 表示伤害统计时间窗，技能说明谈到击杀或助攻效果但未说明该窗口用途。
lone_druid_entangle.nostack_protection	防止重复叠层	No-Stack Protection	low	缠绕之根说明通过叠层触发缠绕，字段 nostack_protection 受神杖修正，具体防叠规则不明。
lone_druid_entangle.root_heroes_on_cast	施法时缠绕英雄	Root Heroes on Cast	low	缠绕之根字段 root_heroes_on_cast 受神杖修正，指向施法缠绕英雄的开关。
lone_druid_gift_bearer.reroll	重抽设定	Reroll Setting	low	英熊好礼说明复制中立物品，字段 reroll 未解释重抽对象或时机。
lone_druid_rabid.bonus_move_speed	额外移动速度	Bonus movement speed	medium	“狂暴”字段明确移动速度加成。
lone_druid_rabid.rabid_duration	狂暴持续时间	Rabid duration	medium	“狂暴”字段明确技能持续时间。
lone_druid_savage_roar.only_affects_player_units	仅影响玩家单位	Only Affects Player-Controlled Units	medium	野蛮咆哮字段 only_affects_player_units 表示影响对象限于玩家单位。
lone_druid_savage_roar_bear.only_affects_player_units	仅影响玩家单位	Only Affects Player Units	low	熊灵野蛮咆哮会使附近敌人恐惧，字段 only_affects_player_units 表示玩家单位筛选标记。
lone_druid_spirit_bear.bear_magic_resistance	熊灵魔法抗性	Spirit Bear Magic Resistance	high	熊灵伙伴字段 bear_magic_resistance 表示熊灵的魔法抗性。
lone_druid_spirit_bear.bonus_bear_armor	熊灵额外护甲	Spirit Bear Bonus Armor	medium	熊灵伙伴字段 bonus_bear_armor 表示额外护甲。
lone_druid_spirit_bear.bonus_bear_hp	熊灵额外生命值	Spirit Bear Bonus Health	medium	熊灵伙伴字段 bonus_bear_hp 表示额外生命值。
lone_druid_spirit_bear.damage_gain_per_druid_level	每级德鲁伊伤害增量	Damage Gain per Druid Level	medium	熊灵伙伴字段 damage_gain_per_druid_level 表示独行德鲁伊每升一级对应的伤害增量。
lone_druid_spirit_bear.hp_gain_per_druid_level	每级德鲁伊生命增量	Health Gain per Druid Level	medium	熊灵伙伴字段 hp_gain_per_druid_level 表示独行德鲁伊每升一级对应的生命增量。
lone_druid_spirit_bear_defender.damage_share	伤害分摊值	Damage-sharing value	low	“灵熊护卫”字段名明确伤害分享关系，未说明分享对象。
lone_druid_spirit_bear_demolish.bonus_damage_against_entangled	对缠绕目标伤害加成	Bonus Damage against Entangled Targets	medium	粉碎击说明熊灵对建筑造成更多伤害，字段 bonus_damage_against_entangled 由对应天赋增加，表示对缠绕目标的额外伤害。
lone_druid_spirit_bear_fetch.drag_distance	拖拽距离	Drag distance	medium	“抓取”字段名明确拖拽距离。
lone_druid_spirit_bear_fetch.self_slow	自身减速值	Self-slow value	low	“抓取”字段名仅表明自身减速值，未给出单位。
lone_druid_spirit_bear_spirit_link.active_bonus	主动效果加成	Active Effect Bonus	low	灵魂链接字段 active_bonus 表示主动效果加成参数，说明未具体展开该加成。
lone_druid_spirit_bear_spirit_link.lifesteal_both_ways	双向吸血标记	Lifesteal Both Ways Flag	medium	灵魂链接说明德鲁伊和熊灵共享吸血，字段 lifesteal_both_ways 表示双向吸血开关。
lone_druid_spirit_link.lifesteal_both_ways	双向生命吸取标记	Lifesteal both ways flag	medium	“灵魂链接”字段名明确生命吸取为双向。
lone_druid_true_form.attack_speed_pct	攻击速度变化比例	Attack Speed Change Percentage	low	真熊形态说明变身获得护甲、生命和攻击力，字段 attack_speed_pct 由命石修正，具体效果方向不明。
lone_druid_true_form.transform_bear	变身为熊标记	Transform Bear Flag	medium	真熊形态说明德鲁伊变为熊形态，字段 transform_bear 受命石修正。
lone_druid_true_form_battle_cry.cry_duration	战吼持续时间	Battle cry duration	medium	“真熊形态战吼”字段明确持续时间。
lone_druid_true_form_druid.transformation_time	变身时间	Transformation Time	low	字段 transformation_time 表示变身时间，但对象说明缺失，无法判断是耗时或持续时间。
luna_lucent_beam.glaives_attack_radius	月刃攻击半径	Glaive attack radius	low	“月光”字段名只说明月刃攻击半径。
luna_lucent_beam.glaives_fired	发射月刃数量	Number of glaives fired	low	“月光”字段名涉及月刃发射数量，具体技能关联未说明。
luna_lucent_beam.lucent_beam_bounce_range	月光弹跳距离	Lucent Beam bounce range	low	“月光”字段明确月光弹跳距离，未说明弹跳目标。
luna_lunar_grace.night_multiplier	夜间倍率	Night Multiplier	low	露娜技能字段 night_multiplier 表示夜间倍率，说明缺失，倍率所指效果不明。
luna_lunar_orbit.rotating_glaive_collision_speed_damage_tooltip	月刃碰撞速度伤害提示值	Glaive Collision-Speed Damage Tooltip Value	low	“环月”说明月刃碰撞敌人会造成伤害，字段同时含 collision_speed 与 tooltip，具体关系未明。
luna_lunar_orbit.rotating_glaives_movement_radius_expand_speed_scale	月刃环绕范围扩张参数	Rotating Glaives Movement Radius Expansion Parameter	low	“环月”说明月刃在露娜身旁旋转，字段含 radius、expand 与 speed_scale，但未说明参数关系。
luna_lunar_orbit.rotating_glaives_speed	月刃旋转速度	Rotating Glaives Speed	medium	“环月”说明月刃环绕露娜旋转，字段明确其速度。
lycan_howl.total_attack_damage_reduction	总攻击伤害降低比例	Total Attack Damage Reduction	medium	嗥叫说明降低敌人的攻击力，字段 total_attack_damage_reduction 与攻击力降低天赋相关。
lycan_shapeshift.is_wolfpack	狼群形态标记	Wolfpack Form Flag	low	变身说明狼人进入凶狼形态，字段 is_wolfpack 是形态标记，具体分支用途不明。
lycan_summon_wolves.bonus_levels	额外等级数	Bonus levels	low	“召狼”字段仅表明额外等级数，未指明提升对象。
lycan_summon_wolves.give_wolves_hightail	赋予狼群 Hightail 标记	Give wolves Hightail flag	low	“召狼”字段表明赋予狼群 hightail，技能文本未解释该效果。
lycan_summon_wolves.wolf_index	狼编号	Wolf index	low	“召狼”字段明确为狼编号，未说明编号用途。
lycan_summon_wolves_bash.bash_damage	击晕伤害	Bash Damage	low	狼人召唤精灵狼字段 bash_damage 与 bash_chance、bash_duration 相邻，技能说明缺失。
lycan_summon_wolves_hamstring.damage_boost_duration	伤害加成持续时间	Damage Boost Duration	medium	“断筋”说明狼群接下来数次攻击造成额外伤害，字段明确伤害加成持续时间。
lycan_summon_wolves_hightail.min_movespeed	最低移动速度	Minimum Move Speed	medium	健步如飞说明精灵狼获得加速，字段 min_movespeed 表示最低移动速度参数。
magnataur_empower.always_on	常驻参数	Always-on parameter	low	“授予力量”说明自身效果总是生效，字段 always_on 的控制方式不明。
magnataur_empower.secondary_cleave_distance	次级分裂攻击距离	Secondary cleave distance	medium	“授予力量”说明赋予分裂效果，字段明确次级分裂攻击距离。
magnataur_empower.self_multiplier_bonus_max_stacks	自身倍率加成层数上限	Self-multiplier bonus maximum stacks	medium	“授予力量”字段明确自身倍率加成的最大层数。
magnataur_empower.self_multiplier_bonus_per_stack	自身每层倍率加成	Self-multiplier bonus per stack	medium	“授予力量”字段明确自身每层倍率加成。
magnataur_empower.self_multiplier_bonus_stack_duration	自身倍率加成层数持续时间	Self-multiplier bonus stack duration	low	“授予力量”自身效果与倍率有关，字段名明确层数持续时间。
magnataur_empower.should_self_cast	对自身施放参数	Self-cast parameter	low	“授予力量”说明效果总在马格纳斯身上生效，但 should_self_cast 的具体用途未明。
magnataur_horn_toss.destination_offset	目标点偏移量	Destination Offset	low	长角抛物说明将敌人甩到马格纳斯身后，字段 destination_offset 表示目标点偏移量。
magnataur_horn_toss.horn_toss_slow_pct	长角抛物减速比例	Horn Toss Slow Percentage	medium	长角抛物字段 horn_toss_slow_pct 和 slow_duration 相邻，表示该技能的减速比例。
magnataur_horn_toss.pull_angle	牵引角度	Pull Angle	low	长角抛物说明会把敌人甩向身后，字段 pull_angle 表示牵引角度。
magnataur_horn_toss.pull_offset	牵引偏移量	Pull Offset	low	长角抛物说明将前方敌人甩到身后，字段 pull_offset 表示牵引偏移量。
magnataur_reverse_polarity.max_knockback_distance	击退距离上限	Maximum knockback distance	medium	“两极反转”字段明确最大击退距离。
magnataur_reverse_polarity.push_radius	推动半径	Push radius	medium	“两极反转”字段明确推动半径。
magnataur_reverse_polarity.stat_buff_duration	属性增益持续时间	Stat buff duration	low	“两极反转”字段明确属性增益持续时间，未说明属性类别。
magnataur_reverse_polarity.stats_per_stack	每层属性数值	Stats per stack	low	“两极反转”字段明确每层属性值，未说明属性类别。
magnataur_shockwave.return_damage_pct	返回震荡波伤害比例	Return Shockwave Damage Percentage	low	震荡波字段 return_damage_pct 受天赋增加，但技能说明未描述返回波机制。
magnataur_shockwave.shock_speed	震荡波速度	Shockwave Speed	medium	震荡波说明能量波沿直线发出，字段 shock_speed 表示波的速度。
magnataur_shockwave.shock_width	震荡波宽度	Shockwave Width	medium	震荡波字段 shock_width 带范围加成标记，表示能量波宽度。
magnataur_skewer.skewer_radius	巨角冲撞半径	Skewer radius	medium	“巨角冲撞”字段明确技能半径。
magnataur_skewer.terrain_hit_cooldown	撞击地形后的冷却时间	Cooldown after hitting terrain	low	“巨角冲撞”字段名明确地形命中后的冷却时间。
magnus_magnetic_horn.pull_radius	牵引半径	Pull radius	low	“磁力号角”缺少技能说明，字段只支持牵引半径名称。
magnus_strength_of_joelrak.strength_per_stack	每层力量值	Strength per stack	low	“Joelrak 之力”缺少技能说明，字段只表明每层力量数值。
marci_bodyguard.bodyguard_attack_range_buffer	护卫攻击距离缓冲值	Bodyguard attack range buffer	low	“护卫术”字段明确攻击距离缓冲值，具体计算用途不明。
marci_bodyguard.counter_cooldown	反制冷却时间	Counter cooldown	low	“护卫术”字段名只说明 counter 冷却，未解释对应行为。
marci_companion_run.ally_arc_offset	友军弧线偏移量	Ally Arc Offset	low	回身踢字段 ally_arc_offset 表示友军相关弧线偏移量，具体轨迹规则不明。
marci_companion_run.can_jump_off_allies	可借友军起跳	Can Jump off Allies	medium	回身踢说明玛西跃向友方目标，字段 can_jump_off_allies 由碎片修正，控制是否可借友军起跳。
marci_companion_run.impact_position_offset	冲击位置偏移量	Impact Position Offset	low	回身踢说明在落地点造成效果，字段 impact_position_offset 表示冲击位置偏移量。
marci_companion_run.landing_radius	落地范围	Landing Radius	medium	回身踢说明落地时对敌人造成效果，字段 landing_radius 带范围加成修正。
marci_companion_run.max_acceleration	最高加速度	Maximum Acceleration	low	回身踢字段 max_acceleration 与 min_acceleration 并列，技能说明未说明加速对象。
marci_companion_run.max_lob_travel_time	最长抛行时间	Maximum Lob Travel Time	low	回身踢字段 max_lob_travel_time 与最短抛行时间并列，表示抛行时间上限。
marci_companion_run.min_acceleration	最低加速度	Minimum Acceleration	low	回身踢字段 min_acceleration 与 max_acceleration 并列，技能说明未说明加速对象。
marci_companion_run.min_jump_distance	最短跳跃距离	Minimum Jump Distance	medium	回身踢说明玛西跃向友方并弹向目标地点，字段 min_jump_distance 表示最短跳跃距离。
marci_companion_run.min_lob_travel_time	最短抛行时间	Minimum Lob Travel Time	low	回身踢字段 min_lob_travel_time 与最长抛行时间并列，表示抛行时间下限。
marci_companion_run.scepter_armor	神杖护甲加成	Scepter Armor Bonus	medium	回身踢字段 scepter_armor 受神杖修正，表示神杖护甲参数。
marci_companion_run.scepter_heal	神杖治疗量	Scepter Heal	medium	回身踢字段 scepter_heal 受神杖修正，表示神杖治疗参数。
marci_companion_run.target_abort_distance	目标中止距离	Target Abort Distance	low	回身踢字段 target_abort_distance 表示目标相关的中止距离，具体中止规则未在说明中解释。
marci_companion_run.vector_preview_radius	指向预览范围	Vector Preview Radius	low	回身踢字段 vector_preview_radius 表示指向预览范围，具体预览对象未由说明确认。
marci_grapple.landing_radius	落地区域半径	Landing area radius	medium	“过肩摔”说明目标落地后影响周围敌人，字段明确落地区域半径。
marci_grapple.pull_angle	牵引角度	Pull angle	medium	“过肩摔”技能有牵引动作，字段明确其角度参数。
marci_grapple.pull_offset	牵引偏移量	Pull offset	low	“过肩摔”技能有牵引动作，字段只说明偏移量，未标出方向。
marci_guardian.max_partner_distance	搭档距离上限	Maximum partner distance	low	“守护者”字段明确搭档最大距离，技能文本缺失。
marci_guardian.max_partner_penalty	搭档惩罚上限	Maximum partner penalty	low	“守护者”字段明确搭档惩罚上限，惩罚含义不明。
marci_special_delivery.courier_max_level	信使等级上限	Courier maximum level	medium	“特快专递”说明友方信使获得额外等级，字段明确其等级上限。
marci_unleash.extend_duration	延长持续时间	Extended duration	low	“怒拳破”字段名表明延长持续时间，但未说明对象。
marci_unleash.max_time_window_per_hit	每次命中的最大时间窗口	Maximum time window per hit	low	“怒拳破”字段明确每次命中的最大时间窗口。
marci_unleash.recovery_fixed_attack_rate	固定攻击速率恢复值	Fixed attack-rate recovery value	low	“怒拳破”字段名只说明固定攻击速率恢复值，未推定作用方式。
marci_unleash.shard_push_length	魔晶击退长度	Shard push length	medium	“怒拳破”字段明确魔晶相关 push 长度。
mars_arena_of_blood.cast_around_self_and_leash	自身周围施放与牵制参数	Cast-around-self and leash parameter	low	“热血竞技场”字段只表明自身周围施放及 leash 参数，未解释具体行为。
mars_arena_of_blood.first_warrior_angle	首名战士角度	First warrior angle	low	“热血竞技场”字段明确首名战士的角度，参照方向未说明。
mars_arena_of_blood.obscure_vision	遮蔽视野参数	Obscure-vision parameter	low	“热血竞技场”字段明确与遮蔽视野相关，是否为开关尚未确认。
mars_arena_of_blood.pierces_debuff_immunity	穿透负面效果免疫参数	Pierces debuff immunity parameter	medium	“热血竞技场”字段明确是否穿透负面效果免疫。
mars_arena_of_blood.spear_attack_interval	战矛攻击间隔	Spear attack interval	medium	“热血竞技场”说明战士会以战矛攻击，字段明确攻击间隔。
mars_arena_of_blood.spear_distance_from_wall	战矛与墙壁的距离	Spear distance from wall	medium	“热血竞技场”说明靠近边缘的敌人会被战矛攻击，字段明确战矛离墙距离。
mars_arena_of_blood.warrior_count	战士数量	Warrior count	medium	“热血竞技场”说明竞技场由战士环绕，字段明确战士数量。
mars_arena_of_blood.warrior_fade_max_dist	战士渐隐最大距离	Warrior fade maximum distance	low	“热血竞技场”字段明确战士渐隐的最大距离，起算点未说明。
mars_arena_of_blood.warrior_fade_min_dist	战士渐隐最小距离	Warrior fade minimum distance	low	“热血竞技场”字段明确战士渐隐的最小距离，起算点未说明。
mars_bulwark.attack_redirection_grace_distance	攻击转向宽限距离	Attack-redirection grace distance	low	“护身甲盾”字段说明攻击转向宽限距离，机制细节未提供。
mars_bulwark.forced_movement_immunity	强制移动免疫标记	Forced-movement immunity flag	medium	“护身甲盾”字段明确是否免疫强制移动。
mars_bulwark.redirect_close_range	近距离转移范围	Close-range redirect distance	low	“护身甲盾”字段明确近距离转移范围，未说明转移对象。
mars_bulwark.side_angle	侧面角度	Side angle	medium	“护身甲盾”字段明确侧面角度。
mars_bulwark.soldier_offset	士兵偏移量	Soldier offset	low	“护身甲盾”字段仅标记士兵偏移量，方向和类型不明。
mars_bulwark.stationary_attack_delay	静止攻击延迟	Stationary attack delay	low	“护身甲盾”字段明确静止攻击延迟。
mars_gods_rebuke.activity_duration	动作持续时间	Activity Duration	low	神之谴戒字段 activity_duration 表示动作时长，技能说明未具体描述动作表现。
mars_spear.activity_duration	动作持续时间	Activity duration	low	“战神迅矛”字段只明确动作持续时间，具体动作未说明。
mars_spear.shard_interval	魔晶间隔	Shard interval	low	“战神迅矛”字段明确魔晶相关间隔，未说明间隔对象。
mars_spear.spear_speed	战矛速度	Spear speed	medium	“战神迅矛”说明投掷战矛，字段明确战矛速度。
mars_spear.spear_vision	战矛视野参数	Spear vision parameter	low	“战神迅矛”字段明确战矛视野，未指出视野类型。
mars_spear.spear_width	战矛宽度	Spear width	medium	“战神迅矛”说明投掷战矛，字段明确战矛宽度。
medusa_gorgon_grasp.volley_interval	齐射间隔	Volley interval	medium	“罗网箭阵”字段明确为齐射间隔。
medusa_gorgon_grasp.volley_spread_pct	齐射散开比例	Volley spread percentage	low	“罗网箭阵”字段明确为齐射 spread 比例，具体量度未说明。
medusa_mana_shield.aspd_increase_smoothness	攻击速度提升平滑度	Attack Speed Increase Smoothness	low	魔法盾字段 aspd_increase_smoothness 与多项攻速提升参数并列，技能说明未解释平滑度含义。
medusa_mystic_snake.return_speed	异蛇返回速度	Snake Return Speed	medium	秘术异蛇说明蛇会返回美杜莎身边，字段 return_speed 表示返回速度。
medusa_mystic_snake.snake_damage_pct	秘术异蛇伤害比例	Mystic Snake Damage Percentage	low	秘术异蛇说明每次跳跃会提升伤害和速度，字段 snake_damage_pct 受字段修正但具体基数不明。
medusa_mystic_snake.stone_form_scepter_base	石化形态神杖基础参数	Stone Form Scepter Base Parameter	low	秘术异蛇字段 stone_form_scepter_base 受碎片修正，石化形态与该技能的关联未在说明中展开。
medusa_mystic_snake.stone_form_scepter_increment	石化形态神杖增量	Stone Form Scepter Increment	low	秘术异蛇字段 stone_form_scepter_increment 受神杖修正，石化形态与该技能的关联未在说明中展开。
medusa_split_shot.damage_modifier	伤害修正值	Damage modifier	medium	“分裂箭”字段明确为伤害修正值。
medusa_split_shot.split_shot_bonus_range	分裂箭额外距离	Split Shot bonus range	medium	“分裂箭”字段明确为额外距离。
meepo_divided_we_stand.attribute_penalty_pct	属性惩罚比例	Attribute penalty percentage	medium	“分则能成”字段明确属性惩罚比例。
meepo_divided_we_stand.levels_between_upgrades	升级间隔等级数	Levels between upgrades	medium	“分则能成”字段明确升级之间的等级间隔。
meepo_earthbind.megameepo_net_offset	超大米波网偏移量	MegaMeepo net offset	low	“地之束缚”字段明确超大米波网偏移量，但方向未说明。
meepo_earthbind.true_strike	克敌机先参数	True Strike parameter	low	“地之束缚”缺少相关说明，字段 true_strike 仅支持克敌机先语义。
meepo_fling.fling_movespeed	抛掷移动速度	Fling Move Speed	low	米波抛掷字段 fling_movespeed 与减速持续时间并列，技能说明缺失，移动速度对象不明。
meepo_fling.fling_radius	抛掷作用范围	Fling Radius	medium	米波抛掷字段 fling_radius 带范围加成标记，表示抛掷技能的作用范围。
meepo_fling.fling_slow_duration	抛掷减速持续时间	Fling Slow Duration	medium	米波抛掷字段 fling_slow_duration 表示减速持续时间。
meepo_megameepo.damage_distribution_duration	伤害分配持续时间	Damage distribution duration	low	“超大米波”字段名指伤害分配持续时间，未说明分配对象。
meepo_megameepo.end_knockback_distance	结束时击退距离	End knockback distance	medium	“超大米波”字段明确结束时击退距离。
meepo_megameepo.end_knockback_duration	结束时击退持续时间	End knockback duration	medium	“超大米波”字段明确结束时击退持续时间。
meepo_megameepo.end_knockback_height	结束时击退高度	End knockback height	medium	“超大米波”字段明确结束时击退高度。
meepo_megameepo_fling.fling_movespeed	摔扔移动速度	Fling movement speed	medium	“超大米波摔扔”字段明确摔扔移动速度。
meepo_megameepo_fling.fling_radius	摔扔半径	Fling radius	medium	“超大米波摔扔”字段明确摔扔半径。
meepo_megameepo_fling.fling_slow_duration	摔扔减速持续时间	Fling slow duration	medium	“超大米波摔扔”字段明确减速持续时间。
meepo_pack_rat.pack_rat	囤积狂鼠标记	Pack Rat Flag	medium	囤积狂鼠说明所有米波可使用中立物品栏物品，字段 pack_rat 为该被动标记。
meepo_poof.megameepo_poof_scaling	巨型米波忽悠倍率	Megameepo Poof Scaling	low	忽悠字段 megameepo_poof_scaling 受神杖修正，技能说明未解释巨型米波状态下的倍率作用。
meepo_sticky_fingers.bonus_choice	额外选项数	Bonus choice count	medium	“三只手”说明打造中立物品时额外拥有一个选项，字段 bonus_choice 对应选项数。
miniboss_alleviation.aura_duration	光环持续时间	Aura duration	low	“缓解”字段仅能确认光环持续时间，效果含义未知。
miniboss_minion_deflecting_shield.damage_cooldown	伤害冷却时间	Damage Cooldown	low	小首领偏转护盾字段 damage_cooldown 表示伤害相关冷却，具体触发规则不明。
miniboss_minion_deflecting_shield.damage_reflection_pct	伤害反射比例	Damage Reflection Percentage	medium	小首领偏转护盾字段 damage_reflection_pct 表示伤害反射比例。
miniboss_minion_deflecting_shield.decay_to_zero_seconds	护盾衰减至零时间	Barrier Decay to Zero Time	low	小首领偏转护盾字段 decay_to_zero_seconds 表示护盾衰减至零的时间。
miniboss_minion_deflecting_shield.max_barrier_pct_max_health	护盾生命上限比例	Barrier Maximum Health Percentage	low	小首领偏转护盾字段 max_barrier_pct_max_health 表示护盾与最大生命值的比例上限。
miniboss_minion_deflecting_shield.regeneration_to_max_seconds	护盾恢复至上限时间	Barrier Regeneration to Maximum Time	low	小首领偏转护盾字段 regeneration_to_max_seconds 表示恢复至上限所需时间。
miniboss_minion_unyielding_shield.absorb_bonus_per_interval	每间隔伤害吸收加成	Absorption bonus per interval	low	“不屈护盾”字段明确每个间隔对应的吸收加成，具体间隔定义未知。
miniboss_minion_unyielding_shield.damage_absorb	伤害吸收值	Damage absorption value	low	“不屈护盾”字段只说明吸收伤害数值，未解释护盾规则。
miniboss_minion_unyielding_shield.regen_bonus_per_interval	每间隔恢复加成	Regeneration bonus per interval	low	“不屈护盾”字段明确每个间隔的恢复加成，恢复对象未说明。
miniboss_minion_unyielding_shield.regen_per_second	每秒恢复值	Regeneration per second	low	“不屈护盾”字段明确每秒恢复值，恢复对象未说明。
miniboss_minion_unyielding_shield.smaller_shield	较小护盾参数	Smaller shield parameter	low	“不屈护盾”字段只标记较小护盾，具体表示方式未知。
miniboss_radiance.aura_damage_per_upgrade	光环每次升级的伤害	Aura damage per upgrade	low	“辐射”字段名明确光环伤害与升级的关系，未说明升级方式。
miniboss_radiance.aura_interval	光环间隔	Aura interval	low	“辐射”字段只表明光环间隔，间隔作用未明。
miniboss_reflect.passive_reflection_base	被动反射基础值	Passive reflection base value	low	“反射”字段明确被动反射基础值。
miniboss_reflect.passive_reflection_base_per_interval	被动反射每间隔基础值	Passive reflection base per interval	low	“反射”字段名明确每间隔的基础值，含义细节未知。
miniboss_reflect.passive_reflection_bonus_per_interval	被动反射每间隔加成	Passive reflection bonus per interval	low	“反射”字段明确每个间隔增加的被动反射加成。
miniboss_reflect.passive_reflection_pct	被动反射比例	Passive reflection percentage	low	“反射”字段明确被动反射比例，反射对象未说明。
miniboss_reflect.preview_duration	预览持续时间	Preview duration	low	“反射”字段只说明预览持续时间，展示对象不明。
miniboss_reflect.wave_interval	波次间隔	Wave interval	low	“反射”字段名标记波次间隔，不将其解释为时间单位。
miniboss_unyielding_shield.absorb_bonus_per_interval	每间隔吸收加成	Absorb Bonus per Interval	low	不屈护盾字段 absorb_bonus_per_interval 表示每间隔增加的吸收量，间隔规则未说明。
miniboss_unyielding_shield.damage_absorb	伤害吸收量	Damage Absorb Amount	medium	不屈护盾字段 damage_absorb 表示伤害吸收量。
miniboss_unyielding_shield.regen_bonus_per_interval	每间隔恢复加成	Regeneration Bonus per Interval	low	不屈护盾字段 regen_bonus_per_interval 表示每间隔恢复加成，间隔规则未说明。
miniboss_unyielding_shield.regen_per_second	每秒恢复量	Regeneration per Second	low	不屈护盾字段 regen_per_second 表示每秒恢复量，恢复对象未由技能说明确认。
mirana_arrow.arrow_max_stunrange	最大眩晕距离	Maximum stun range	medium	“月神之箭”说明目标越远眩晕越久，字段名标记最大眩晕距离。
mirana_arrow.arrow_vision	箭矢视野	Arrow vision	medium	“月神之箭”字段明确箭矢视野，未说明视野类型。
mirana_arrow.extra_arrows	额外箭矢数量	Extra arrow count	medium	“月神之箭”字段明确额外箭矢数量。
mirana_arrow.extra_arrows_angle	额外箭矢角度	Extra arrow angle	medium	“月神之箭”字段明确额外箭矢角度。
mirana_arrow.pierce_units	穿透单位参数	Pierce-units parameter	low	“月神之箭”字段明确与穿透单位有关，具体对象或开关形式不明。
mirana_nightveil.charges_per_level	每级充能数	Charges per level	low	“夜幕”字段名明确每级充能数量。
mirana_solar_flare.day_vision_multiplier	白天视野倍率	Day Vision Multiplier	low	太阳金辉字段 day_vision_multiplier 为 0，说明未提到白天视野，保留字段指向的中性名称。
mirana_solar_flare.increase_rate	提升速率	Increase Rate	medium	太阳金辉说明逐渐提升攻击速度和攻击力，字段 increase_rate 表示提升速率。
mirana_solar_flare.smoothness	变化平滑度	Change Smoothness	low	太阳金辉说明逐渐提高攻击速度和攻击力，字段 smoothness 表示变化平滑度参数。
mirana_starfall.secondary_targets	次级目标数量	Secondary target count	medium	“群星风暴”字段明确次级目标数量。
monkey_king_boundless_strike.acceleration_z	垂直方向加速度	Vertical acceleration	low	“棒击大地”字段 acceleration_z 指向 Z 轴加速度，具体物体未说明。
monkey_king_boundless_strike.max_horizontal_acceleration	最大水平方向加速度	Maximum horizontal acceleration	low	“棒击大地”字段明确最大水平加速度，作用对象未说明。
monkey_king_boundless_strike.soldier_spawn_duration	士兵生成持续时间	Soldier spawn duration	low	“棒击大地”字段明确士兵生成持续时间，士兵指代不明。
monkey_king_boundless_strike.strike_radius	棒击半径	Strike radius	medium	“棒击大地”说明直线击中敌人，字段明确棒击半径。
monkey_king_jingu_mastery.buff_is_undispellable	增益不可驱散标记	Buff is undispellable flag	medium	“如意棒法”字段明确增益是否不可驱散。
monkey_king_tree_dance.give_up_distance	放弃距离	Give-up distance	low	“丛林之舞”字段只说明 give-up 距离，未解释放弃行为。
monkey_king_tree_dance.ground_jump_distance	地面跳跃距离	Ground jump distance	medium	“丛林之舞”字段明确地面跳跃距离。
monkey_king_tree_dance.impact_damage_tooltip	冲击伤害提示值	Impact damage tooltip value	low	“丛林之舞”字段明确冲击伤害提示值，实际结算未核实。
monkey_king_tree_dance.impact_movement_slow_tooltip	冲击移动减速提示值	Impact movement slow tooltip value	low	“丛林之舞”字段明确冲击造成的移动减速提示值。
monkey_king_tree_dance.max_level_tooltip	最高等级提示值	Maximum level tooltip value	low	“丛林之舞”字段仅提供最高等级提示值，具体数值含义不明。
monkey_king_tree_dance.perched_day_vision	栖停时白天视野	Perched day vision	medium	“丛林之舞”字段明确栖停时白天视野。
monkey_king_tree_dance.perched_night_vision	栖停时夜间视野	Perched night vision	medium	“丛林之舞”字段明确栖停时夜间视野。
monkey_king_tree_dance.perched_spot_height	栖停位置高度	Perched spot height	medium	“丛林之舞”字段明确栖停点高度。
monkey_king_tree_dance.spring_leap_speed	弹跳速度	Spring leap speed	medium	“丛林之舞”字段明确弹跳速度。
monkey_king_tree_dance.top_level_height	顶部高度	Top-level height	low	“丛林之舞”字段只说明顶部高度，具体参照对象不明。
monkey_king_wukongs_command.attack_speed_pct	攻击速度变化比例	Attack Speed Change Percentage	low	猴子猴孙字段 attack_speed_pct 为 0，技能说明未解释该比例的适用对象。
monkey_king_wukongs_command.cast_range_scepter	神杖施法距离	Scepter Cast Range	medium	猴子猴孙字段 cast_range_scepter 受神杖修正，表示神杖施法距离。
monkey_king_wukongs_command.first_radius	内圈范围	First Ring Radius	medium	猴子猴孙说明士兵组成圆形阵列，字段 first_radius 带范围加成标记，表示第一圈范围。
monkey_king_wukongs_command.num_first_soldiers	内圈士兵数量	First Ring Soldier Count	medium	猴子猴孙字段 num_first_soldiers 与其他圈士兵数并列，表示第一圈数量。
monkey_king_wukongs_command.num_second_soldiers	中圈士兵数量	Second Ring Soldier Count	medium	猴子猴孙字段 num_second_soldiers 与其他圈士兵数并列，表示第二圈数量。
monkey_king_wukongs_command.num_third_soldiers	外圈士兵数量	Third Ring Soldier Count	medium	猴子猴孙字段 num_third_soldiers 受天赋修正，与其他圈士兵数并列。
monkey_king_wukongs_command.outer_attack_buffer	外圈攻击缓冲参数	Outer Attack Buffer	low	猴子猴孙字段 outer_attack_buffer 表示外圈攻击缓冲参数，技能说明未提供其规则。
monkey_king_wukongs_command.second_radius	中圈范围	Second Ring Radius	medium	猴子猴孙字段 second_radius 带范围加成标记，与第一圈和第三圈半径并列。
monkey_king_wukongs_command.third_radius	外圈范围	Third Ring Radius	medium	猴子猴孙字段 third_radius 由天赋修正且带范围加成标记，表示第三圈范围。
morphling_accumulation.bonus_int_per_level_of_attributes	每级全属性天赋提供的额外智力	Bonus intelligence per level of attributes	medium	“积少成多”说明全属性天赋额外提供主属性，字段明确每级的额外智力值。
morphling_adaptive_strike_agi.extra_targets	额外目标数量	Extra target count	low	“变体打击”说明攻击敌方单位，字段只表明额外目标数，触发规则未说明。
morphling_ebb_and_flow.model_scale_max	模型缩放上限	Model scale maximum	low	“潮涨潮落”字段明确模型缩放上限，模型变化与属性的关系未说明。
morphling_ebb_and_flow.model_scale_min	模型缩放下限	Model scale minimum	low	“潮涨潮落”字段明确模型缩放下限，模型变化与属性的关系未说明。
morphling_ebb_and_flow.swell_down_duration	潮落持续时间	Swell-down duration	medium	“潮涨潮落”字段明确潮落阶段持续时间。
morphling_ebb_and_flow.swell_up_duration	潮涨持续时间	Swell-up duration	medium	“潮涨潮落”字段明确潮涨阶段持续时间。
morphling_hybrid.illusion_damage_in_pct	幻象承受伤害比例	Illusion incoming damage percentage	medium	“混合”字段明确幻象承受伤害比例，说明文本缺失。
morphling_hybrid.illusion_damage_out_pct	幻象造成伤害比例	Illusion outgoing damage percentage	medium	“混合”字段明确幻象造成伤害比例，说明文本缺失。
morphling_hybrid.illusion_damage_out_pct_scepter	神杖幻象造成伤害比例	Scepter illusion outgoing damage percentage	medium	“混合”字段明确神杖相关幻象造成伤害比例。
morphling_hybrid.illusion_incoming_dmg_pct_tooltip	幻象承受伤害提示比例	Illusion incoming-damage tooltip percentage	low	“混合”字段为 tooltip 参数，按字段名保留幻象承受伤害比例提示。
morphling_hybrid.tooltip_illusion_damage_out_pct	幻象造成伤害提示比例	Illusion outgoing-damage tooltip percentage	low	“混合”字段为 tooltip 参数，按字段名保留幻象输出伤害比例提示。
morphling_morph_agi.castable_while_stunned	眩晕时可施放	Castable While Stunned	low	属性变换字段 castable_while_stunned 受碎片修正，控制眩晕状态下是否可施放。
morphling_morph_agi.points_per_tick	每次转换属性点数	Attribute Points per Tick	medium	属性变换说明按速率将力量转为敏捷，字段 points_per_tick 表示每次转换点数。
morphling_morph_str.castable_while_stunned	眩晕时可施放标记	Castable while stunned flag	medium	“属性变换（力量获取）”字段明确眩晕时能否施放。
morphling_morph_str.points_per_tick	每次间隔变更点数	Points per tick	low	“属性变换（力量获取）”字段明确每次 tick 变化点数，但 tick 时间未说明。
morphling_replicate.scepter_additional_stats	神杖额外属性	Scepter Additional Stats	low	变形字段 scepter_additional_stats 受神杖修正，额外属性具体组成未在说明中写明。
morphling_replicate.scepter_attack_speed	神杖攻击速度	Scepter Attack Speed	medium	变形字段 scepter_attack_speed 受神杖修正，表示神杖攻击速度参数。
morphling_replicate.scepter_spell_amplify	神杖技能增强	Scepter Spell Amplification	medium	变形字段 scepter_spell_amplify 受神杖修正，表示神杖技能增强参数。
morphling_replicate.scepter_stat_steal	神杖属性窃取量	Scepter Stat Steal	low	变形字段 scepter_stat_steal 受神杖修正，技能说明提及复制敌方形态但未说明属性窃取细节。
morphling_replicate.scepter_status_resist	神杖状态抗性	Scepter Status Resistance	medium	变形字段 scepter_status_resist 受神杖修正，表示神杖状态抗性参数。
mud_golem_rock_destroy.shard_amount	碎片数量	Shard amount	low	“碎土傀儡”字段明确 shard 数量，shard 在此处的具体对象不明。
muerta_dead_shot.ricochet_radius_end	弹跳结束半径	Ricochet end radius	medium	“Dead Shot”字段明确弹跳结束半径。
muerta_dead_shot.ricochet_radius_expansion_per_second	弹跳半径每秒扩大量	Ricochet radius expansion per second	medium	字段明确每秒增加的弹跳半径数值。
muerta_dead_shot.ricochet_radius_start	弹跳起始半径	Ricochet start radius	medium	“Dead Shot”字段明确弹跳起始半径。
muerta_dead_shot.scepter_pierces	神杖穿透标记	Scepter pierces flag	low	“Dead Shot”字段只标明神杖穿透属性，穿透对象未说明。
muerta_parting_shot.damage_reduction_percent	伤害削减比例	Damage reduction percentage	low	“Parting Shot”字段明确伤害削减比例，削减对象未说明。
muerta_parting_shot.ethereal_damage_bonus	虚无伤害加成	Ethereal damage bonus	low	“Parting Shot”说明缺失，字段 ethereal_damage_bonus 未说明伤害类型或方向。
muerta_parting_shot.soul_return_min_speed	灵魂返回最小速度	Soul return minimum speed	low	“Parting Shot”字段明确灵魂返回的最小速度，未说明速度类型。
muerta_parting_shot.soul_return_time	灵魂返回时间	Soul return time	medium	“Parting Shot”字段明确灵魂返回时间。
muerta_the_calling.dead_zone_distance	亡魂禁区距离	Dead Zone Distance	low	亡魂召唤字段 dead_zone_distance 带范围加成修正，技能说明缺失，禁区所指不明。
muerta_the_calling.debug_draw	调试绘制标记	Debug Draw Flag	low	亡魂召唤字段 debug_draw 为调试标记，技能说明缺失，具体绘制对象不明。
muerta_the_calling.kill_check_radius	击杀判定范围	Kill Check Radius	low	亡魂召唤字段 kill_check_radius 带范围加成修正，技能说明缺失，击杀判定对象不明。
muerta_the_calling.kill_radius_expansion_speed	击杀范围扩张速度	Kill Radius Expansion Speed	low	亡魂召唤字段 kill_radius_expansion_speed 与击杀范围并列，具体扩张规则不明。
muerta_the_calling.rotation_direction	旋转方向	Rotation Direction	low	亡魂召唤字段 rotation_direction 表示旋转方向参数，技能说明缺失。
muerta_the_calling.rotation_initial	初始旋转参数	Initial Rotation	low	亡魂召唤字段 rotation_initial 与 rotation_direction 并列，具体旋转机制未由说明解释。
muerta_the_calling.speed_initial	初始速度	Initial Speed	low	亡魂召唤字段 speed_initial 与 speed_max 并列，技能说明缺失，速度对象不明。
muerta_the_calling.speed_max	最高速度	Maximum Speed	low	亡魂召唤字段 speed_max 与 speed_initial 并列，技能说明缺失，速度对象不明。
naga_siren_crit.crit	暴击值	Critical strike value	low	字段缺少技能说明，crit 可能表示暴击参数，具体含义不明。
naga_siren_ensnare.fake_ensnare_distance	虚假诱捕距离	Fake Ensnare distance	low	“诱捕”字段只标记 fake_ensnare_distance，具体用途未说明。
naga_siren_ensnare.net_speed	诱捕网速度	Ensnare net speed	medium	“诱捕”说明施放网困住目标，字段明确网的速度。
naga_siren_reel_in_ad.min_pull_distance	最小牵引距离	Minimum pull distance	medium	“Reel In”字段明确最小牵引距离。
naga_siren_reel_in_ad.pull_strength	牵引强度	Pull strength	low	“Reel In”字段明确牵引强度，未说明数值语义。
necrolyte_death_seeker.ethereal_duration	虚无状态持续时间	Ethereal duration	medium	“死亡搜寻”字段明确虚无状态持续时间。
necrolyte_death_seeker.projectile_multiplier	投射物倍率	Projectile multiplier	low	“死亡搜寻”字段明确投射物倍率，具体倍率对象未说明。
necronomicon_archer_aoe.as_bonus	攻击速度加成	Attack speed bonus	medium	“死灵射手光环”字段 as_bonus 结合攻速加成字段邻接，解释为攻击速度加成。
necronomicon_archer_purge.purge_rate	净化速率	Purge rate	low	“净化”字段明确 purge 速率，具体效果含义未展开。
neutral_upgrade.increase_armor	护甲增加值	Armor increase value	low	中立升级字段明确护甲增加值。
neutral_upgrade.increase_aspd	攻击速度增加值	Attack speed increase value	low	中立升级字段 aspd 明确为攻击速度增加值。
neutral_upgrade.increase_damage	伤害增加值	Damage increase value	low	中立升级字段仅提供伤害增加值，作用对象未说明。
neutral_upgrade.increase_gold	金币增加值	Gold increase value	low	中立升级字段明确金币增加值。
neutral_upgrade.increase_health	生命值增加值	Health increase value	low	中立升级字段明确生命值增加值。
neutral_upgrade.increase_time	时间增加值	Time increase value	low	中立升级字段仅提供 increase_time，增加对象和单位不明。
neutral_upgrade.increase_xp	经验增加值	Experience increase value	low	中立升级字段明确经验增加值。
nevermore_frenzy.cast_speed_pct	施法速度比例	Cast speed percentage	low	“灵魂盛宴”字段明确施法速度比例。
nevermore_frenzy.cast_speed_pct_tooltip	施法速度提示比例	Cast speed tooltip percentage	low	“灵魂盛宴”字段明确施法速度提示值。
nevermore_necromastery.necromastery_soul_release	支配死灵灵魂释放值	Necromastery soul release value	low	“支配死灵”字段明确 soul release 数值，未说明机制。
nevermore_necromastery.shard_crit_pct	魔晶暴击比例	Shard critical strike percentage	low	“支配死灵”字段明确魔晶暴击比例，未说明概率或伤害。
nevermore_necromastery.shard_fear_duration	魔晶恐惧持续时间	Shard fear duration	medium	“支配死灵”字段明确魔晶恐惧持续时间。
nevermore_necromastery.shard_souls_per_kill	魔晶每次击杀灵魂数	Shard souls per kill	medium	“支配死灵”字段明确魔晶相关每次击杀灵魂数。
nevermore_necromastery.souls_per_kill	每次击杀获得的灵魂数	Souls per kill	medium	“支配死灵”字段明确每次击杀对应的灵魂数。
nevermore_requiem.requiem_damage_pct_scepter	神杖魂之挽歌伤害比例	Scepter Requiem Damage Percentage	low	魂之挽歌字段 requiem_damage_pct_scepter 受神杖修正，表示神杖伤害比例。
nevermore_requiem.requiem_line_speed	魔能速度	Requiem Line Speed	medium	魂之挽歌字段 requiem_line_speed 表示魔能速度。
nevermore_requiem.requiem_line_width_end	魔能末端宽度	Requiem Line End Width	medium	魂之挽歌字段 requiem_line_width_end 与初始宽度并列，带范围加成标记。
nevermore_requiem.requiem_line_width_start	魔能初始宽度	Requiem Line Initial Width	medium	魂之挽歌字段 requiem_line_width_start 与末端宽度并列，带范围加成标记。
nevermore_requiem.requiem_radius	魂之挽歌范围	Requiem Radius	medium	魂之挽歌说明释放多道魔能，字段 requiem_radius 带范围加成标记。
nevermore_requiem.soul_death_release	死亡时灵魂释放比例	Soul Death Release Percentage	low	魂之挽歌字段 soul_death_release 表示死亡时释放灵魂的比例，说明未展开该规则。
night_stalker_crippling_fear.death_refresh	阵亡时刷新参数	Death-refresh parameter	low	“伤残恐惧”字段明确 death_refresh 参数，但刷新对象和规则未知。
night_stalker_crippling_fear.mana_interval	魔法间隔	Mana interval	low	“伤残恐惧”字段只说明 mana_interval，具体关系未从描述确定。
night_stalker_crippling_fear.toggled	切换参数	Toggled parameter	low	“伤残恐惧”字段只标出 toggled 状态，未据此推断具体开关行为。
night_stalker_heart_of_darkness.affects_mana_regen	影响魔法恢复标记	Affects mana regeneration flag	medium	“黑暗之心”字段明确是否影响魔法恢复。
night_stalker_hunter_in_the_night.bonus_status_resist_night	夜间额外状态抗性	Night bonus status resistance	medium	“暗夜猎影”字段明确夜间状态抗性加成。
night_stalker_hunter_in_the_night.reset_cooldowns	重置冷却标记	Reset cooldowns flag	low	“暗夜猎影”字段只说明重置冷却，未说明条件或对象。
night_stalker_night_reign.daytime_start	白天开始时间参数	Daytime Start Parameter	low	夜晚统治字段 daytime_start 与白天时长减少及夜晚延长参数相邻，具体计时参照不明。
night_stalker_night_reign.roshan_initial_move_timer_override	Roshan初始移动计时覆盖值	Roshan Initial Move Timer Override	low	夜晚统治字段 roshan_initial_move_timer_override 表示 Roshan 初始移动计时覆盖值，技能说明缺失。
night_stalker_void.invisible_damage_tickrate	隐身伤害间隔	Invisible-damage tick rate	low	“虚空”字段只标明隐身伤害 tickrate，具体触发机制未说明。
night_stalker_void.max_level_tooltip	最高等级提示值	Maximum-level tooltip value	low	“虚空”字段明确最高等级提示值，数值含义未展开。
nyx_assassin_jolt.aoe	作用范围	Area of effect	low	“神智爆裂”字段只有 aoe 缩写，按中性范围命名。
nyx_assassin_vendetta.free_pathing_movement_speed_bonus	自由寻路移动速度加成	Free Pathing Movement Speed Bonus	low	复仇字段 free_pathing_movement_speed_bonus 受碎片修正，说明未解释自由寻路状态。
nyx_assassin_vendetta.health_regen_rate_scepter	神杖生命恢复速率	Scepter Health Regeneration Rate	low	复仇字段 health_regen_rate_scepter 表示神杖生命恢复速率。
nyx_assassin_vendetta.mana_regen_rate_scepter	神杖魔法恢复速率	Scepter Mana Regeneration Rate	low	复仇字段 mana_regen_rate_scepter 表示神杖魔法恢复速率。
obsidian_destroyer_astral_imprisonment.has_mana_steal	是否有魔法窃取	Has mana steal	low	“星体禁锢”字段标记 mana steal 是否存在，未说明具体窃取机制。
obsidian_destroyer_astral_imprisonment.percentage_damage	伤害比例	Damage percentage	low	“星体禁锢”字段仅表示百分比伤害，参照值未说明。
obsidian_destroyer_astral_imprisonment.percentage_heal	治疗比例	Healing percentage	low	“星体禁锢”字段仅表示百分比治疗，参照值未说明。
obsidian_destroyer_equilibrium.mana_as_ms	魔法值对应移动速度参数	Mana-as-movement-speed parameter	low	“精华变迁”说明主要涉及魔法值，字段仅说明 mana_as_ms 关联。
obsidian_destroyer_sanity_eclipse.percentage_damage	伤害比例	Damage percentage	low	“神智之蚀”字段明确百分比伤害，参照值未在描述中说明。
ogre_magi_dumb_luck.level_one_ability_points	一级技能点数	Level One Ability Points	low	傻福字段 level_one_ability_points 受命石修正，技能说明缺失，按字段名表示一级技能点数。
ogre_magi_dumb_luck.level_two_ability_points	二级技能点数	Level Two Ability Points	low	傻福字段 level_two_ability_points 受命石修正，技能说明缺失，按字段名表示二级技能点数。
ogre_magi_dumb_luck.required_level_reduction	所需等级减少量	Required Level Reduction	low	傻福字段 required_level_reduction 受命石修正，技能说明缺失，等级要求减少的对象不明。
ogre_magi_fireblast.fireblast_proc	火焰爆轰触发参数	Fireblast proc parameter	low	“火焰爆轰”字段只提供 fireblast_proc，触发方式或开关含义不明。
ogre_magi_ignite.multicast_delay	多重施法延迟	Multicast delay	medium	“引燃”字段明确多重施法延迟。
omniknight_guardian_angel.flying	飞行状态参数	Flying-state parameter	low	“守护天使”字段仅标出 flying 参数，具体飞行对象和行为未知。
omniknight_guardian_angel.is_global	全局作用参数	Global-effect parameter	low	“守护天使”说明作用于全能骑士附近友军，字段 is_global 的用途未在描述中说明。
omniknight_hammer_of_purity.attack_cooldown	攻击冷却时间	Attack cooldown	medium	“纯洁之锤”字段明确攻击冷却时间。
omniknight_hammer_of_purity.total_ticks	总间隔次数	Total ticks	low	“纯洁之锤”字段明确 total_ticks，实际间隔语义未说明。
omniknight_pacify.spell_resistance_reduction	技能抗性降低	Spell Resistance Reduction	low	全体加护字段 spell_resistance_reduction 表示技能抗性降低参数，技能说明缺失。
omniknight_repel.bonus_str	额外力量	Bonus strength	medium	“驱逐”字段明确力量加成数值。
oracle_diviners_deck.enabled	启用参数	Enabled parameter	low	“占卜者牌组”缺少说明，字段仅标识 enabled 状态。
oracle_fortunes_end.damage_per_buff	每层增益伤害	Damage per Buff	low	气运之末说明会造成伤害并净化目标，字段 damage_per_buff 未在说明中解释。
oracle_fortunes_end.heal_per_debuff	每个负面状态治疗量	Heal per Debuff	low	气运之末字段 heal_per_debuff 表示按负面状态计的治疗参数，技能说明未展开。
oracle_fortunes_end.purge_constantly	持续净化标记	Purge Constantly Flag	low	气运之末字段 purge_constantly 受天赋修正，技能说明提及净化但未解释持续净化规则。
oracle_purifying_flames.damage_modifier	伤害修正值	Damage modifier	low	“涤罪之焰”字段只说明伤害修正，修正方向未指定。
pangolier_gyroshell.bounce_duration	弹跳持续时间	Bounce duration	medium	“地雷滚滚”字段明确弹跳持续时间。
pangolier_gyroshell.jump_recover_time	跳跃恢复时间	Jump recovery time	medium	“地雷滚滚”字段明确跳跃恢复时间。
pangolier_gyroshell.turn_rate_boosted	强化转向速率	Boosted turn rate	medium	“地雷滚滚”字段明确强化状态下的转向速率。
pangolier_rollup.bounce_duration	弹跳持续时间	Bounce duration	medium	“卷土重来”字段明确弹跳持续时间。
pangolier_rollup.cast_time_tooltip	施法时间提示值	Cast-time tooltip value	low	“卷土重来”字段标注施法时间提示值，未确认是否等于实际施法时间。
pangolier_rollup.jump_recover_time	跳跃恢复时间	Jump recovery time	medium	“卷土重来”字段明确跳跃恢复时间。
pangolier_rollup.turn_rate_boosted	强化转向速率	Boosted turn rate	medium	“卷土重来”说明可转身，字段明确强化状态下的转向速率。
pangolier_shield_crash.base_shield	基础护盾值	Base Barrier Value	low	甲盾冲击说明击中敌方英雄后获得护盾，字段 base_shield 表示基础护盾参数。
pangolier_shield_crash.can_double_jump	可二段跳	Can Double Jump	medium	甲盾冲击说明石鳞剑士跃起再落地，字段 can_double_jump 受命石修正。
pangolier_shield_crash.jump_duration_gyroshell	甲盾冲击跳跃持续时间	Shield Crash Jump Duration	low	甲盾冲击字段 jump_duration_gyroshell 表示特定形态下跳跃持续时间，技能说明未展开该形态规则。
pangolier_shield_crash.jump_height_gyroshell	甲盾冲击跳跃高度	Shield Crash Jump Height	low	甲盾冲击字段 jump_height_gyroshell 表示特定形态下跳跃高度，技能说明未展开该形态规则。
pangolier_shield_crash.jump_horizontal_distance	跳跃水平距离	Jump Horizontal Distance	medium	甲盾冲击说明石鳞剑士跃起并落向前方，字段 jump_horizontal_distance 表示水平跳跃距离。
pangolier_swashbuckle.damage_penalty	伤害惩罚值	Damage penalty	medium	“虚张声势”字段明确伤害惩罚值。
pangolier_swashbuckle.dash_speed	冲刺速度	Dash speed	medium	“虚张声势”字段明确冲刺速度。
pangolier_swashbuckle.procs_onhit_effects	触发命中效果标记	Procs on-hit effects flag	medium	“虚张声势”字段明确是否触发命中效果。
phantom_assassin_blur.break_on_attack	攻击时中断参数	Break-on-attack parameter	medium	“魅影无形”说明主动攻击会显形，字段明确攻击时的中断设定。
phantom_assassin_blur.immediate_cast	立即施放参数	Immediate-cast parameter	low	“魅影无形”字段只标记 immediate_cast，未确认是否为开关。
phantom_assassin_blur.purge_on_cast	施放时驱散参数	Purge-on-cast parameter	low	“魅影无形”字段只标记 purge_on_cast，未说明驱散对象或范围。
phantom_assassin_fan_of_knives.degen	衰减值	Degeneration value	low	“刀阵旋风”字段 degen 未说明衰减对象，使用中性名称。
phantom_assassin_fan_of_knives.max_damage_initial	初始最大伤害值	Initial maximum damage	low	“刀阵旋风”字段说明初始最大伤害值，作用条件未给出。
phantom_assassin_stifling_dagger.attack_factor	攻击伤害系数	Attack Damage Factor	medium	窒碍短匕说明伤害包含攻击伤害部分，字段 attack_factor 与天赋修正对应。
phantom_assassin_stifling_dagger.dagger_recast_time	短匕重施间隔	Dagger Recast Interval	low	窒碍短匕字段 dagger_recast_time 受碎片修正，重施触发规则未在说明中展开。
phantom_assassin_stifling_dagger.dagger_secondary_reduce	短匕次级目标伤害削减	Dagger Secondary Target Reduction	low	窒碍短匕字段 dagger_secondary_reduce 受碎片修正，具体次级目标规则不明。
phantom_assassin_stifling_dagger.dagger_speed	短匕飞行速度	Dagger Speed	medium	窒碍短匕说明向敌方掷出匕首，字段 dagger_speed 表示飞行速度。
phantom_assassin_stifling_dagger.extra_daggers	额外短匕数量	Extra Daggers	medium	窒碍短匕字段 extra_daggers 受天赋修正，表示额外短匕数量。
phantom_lancer_doppelwalk.illusion_1_damage_in_pct	第一种幻象承受伤害比例	Illusion 1 incoming damage percentage	medium	“神行百变”说明两种新幻象特性，字段明确第一种幻象承受伤害比例。
phantom_lancer_doppelwalk.illusion_1_damage_out_pct	第一种幻象造成伤害比例	Illusion 1 outgoing damage percentage	medium	“神行百变”说明两种新幻象特性，字段明确第一种幻象输出伤害比例。
phantom_lancer_doppelwalk.illusion_2_amount	第二种幻象数量	Illusion 2 count	medium	“神行百变”说明产生两种新幻象，字段明确第二种幻象数量。
phantom_lancer_juxtapose.illusion_damage_in_pct	幻象承受伤害比例	Illusion incoming damage percentage	medium	“并列”字段明确幻象承受伤害的比例。
phantom_lancer_juxtapose.illusion_damage_out_pct	幻象造成伤害比例	Illusion outgoing damage percentage	medium	“并列”字段明确幻象造成伤害的比例。
phantom_lancer_juxtapose.shard_bonus_illusions	魔晶额外幻象数量	Shard bonus illusion count	low	“并列”字段明确魔晶增加的幻象数量。
phantom_lancer_juxtapose.uncontrollable_illusions	不可控幻象数量	Uncontrollable illusion count	low	“并列”字段只说明不可控幻象，字段值类型未确认是否计数。
phantom_lancer_spirit_lance.illusion_damage_in_pct	幻象承受伤害比例	Illusion incoming damage percentage	medium	“灵魂之矛”字段明确幻象承受伤害比例。
phantom_lancer_spirit_lance.illusion_damage_out_pct	幻象造成伤害比例	Illusion outgoing damage percentage	medium	“灵魂之矛”字段明确幻象造成伤害比例。
phantom_lancer_spirit_lance.lance_speed	灵魂之矛速度	Spirit Lance speed	medium	“灵魂之矛”字段明确投射物速度。
phantom_lancer_spirit_lance.scepter_total_hits	神杖总命中次数	Scepter total hits	low	“灵魂之矛”字段明确神杖总命中次数，但命中对象未说明。
phoenix_fire_spirits.spirit_count	精灵数量	Spirit count	medium	“烈火精灵”字段明确精灵数量。
phoenix_icarus_dive.burn_tick_interval	烧灼伤害间隔	Burn Tick Interval	medium	凤凰冲击字段 burn_tick_interval 与持续烧灼伤害并列，表示伤害间隔。
phoenix_icarus_dive.dash_width	冲击宽度	Dive Width	medium	凤凰冲击说明沿弧线飞行并影响沿途敌人，字段 dash_width 带范围加成标记。
phoenix_launch_fire_spirit.spirit_count	精灵数量	Spirit count	medium	“发动烈火精灵”字段明确精灵数量。
phoenix_sun_ray.focal_point_full_length_tooltip_only	焦点全长提示值	Focal point full-length tooltip value	low	“烈日炙烤”字段明确全长提示值，且标明仅供 tooltip 使用。
phoenix_sun_ray.focal_point_start_length_pct	焦点起始长度比例	Focal point starting length percentage	low	“烈日炙烤”字段明确焦点起始长度比例，语义未展开。
phoenix_sun_ray.shard_move_slow_pct	魔晶移动减速比例	Shard movement slow percentage	low	“烈日炙烤”字段明确魔晶移动减速比例，效果对象未说明。
phoenix_sun_ray.turn_rate_initial	初始转向速率	Initial turn rate	medium	“烈日炙烤”字段明确初始转向速率。
plus_guild_banner.size	旗帜尺寸	Banner Size	low	公会旗帜说明插下旗帜标记战场，字段 size 表示旗帜尺寸。
plus_high_five.acknowledge_range	回应距离	Acknowledge range	medium	“击掌”字段明确回应距离。
plus_high_five.acknowledged_cooldown	回应冷却时间	Acknowledged cooldown	medium	“击掌”字段明确回应后的冷却时间。
plus_high_five.high_five_speed	击掌速度	High-five speed	low	“击掌”字段明确速度，但具体作用对象和单位未说明。
plus_high_five.request_duration	请求持续时间	Request duration	medium	“击掌”字段明确请求持续时间。
primal_beast_colossal.base_aoe	基础作用范围	Base Area of Effect	low	原始巨兽字段 base_aoe 与每层范围参数邻接，技能说明缺失，具体范围效果不明。
primal_beast_colossal.model_scale_per_stack	每层模型缩放比例	Model Scale per Stack	low	原始巨兽字段 model_scale_per_stack 表示每层模型缩放比例，技能说明缺失。
primal_beast_colossal.trample_bonus	践踏加成	Trample Bonus	low	原始巨兽字段 trample_bonus 受天赋修正，技能说明缺失，践踏加成内容不明。
primal_beast_innate_slow_resistance_per_time.slow_resistance_per_upgrade	每次升级减速抗性	Slow resistance per upgrade	low	先天技能字段明确每次升级增加的减速抗性。
primal_beast_innate_slow_resistance_per_time.upgrade_rate	升级速率	Upgrade rate	low	先天技能字段只说明升级速率，具体单位未给出。
primal_beast_innate_status_resistance_per_time.status_resistance_per_upgrade	每次升级状态抗性	Status Resistance per Upgrade	low	原始巨兽天生字段 status_resistance_per_upgrade 表示每次升级对应的状态抗性数值，技能说明缺失。
primal_beast_innate_status_resistance_per_time.upgrade_rate	升级间隔	Upgrade Interval	low	原始巨兽天生字段 upgrade_rate 表示升级间隔，技能说明缺失，具体计时规则不明。
primal_beast_onslaught.base_power	基础力量值	Base power value	low	“突”字段仅标出基础力量值，未说明 power 的具体含义。
primal_beast_onslaught.chargeup_time	蓄力时间	Charge-up time	medium	“突”说明蓄力后冲刺，字段明确蓄力时间。
primal_beast_onslaught.movement_turn_rate	移动转向速率	Movement turn rate	medium	“突”技能字段明确移动时的转向速率。
primal_beast_pulverize.pierce_immunity	穿透免疫标记	Pierces immunity flag	medium	“捶”字段明确是否穿透免疫。
primal_beast_rock_throw.bounce_travel_time	反弹行进时间	Bounce Travel Time	medium	砸技能说明投出岩石，字段 bounce_travel_time 表示反弹行进时间。
primal_beast_trample.proc_attack_modifiers	触发攻击修正标记	Proc attack modifiers flag	medium	“踏”字段明确是否触发攻击修正效果。
primal_beast_trample.unslowable	不可减速标记	Unslowable flag	medium	“踏”字段明确是否不可减速。
primal_beast_uproar.damage_max	伤害上限	Maximum Damage	low	咤字段 damage_max 与 damage_min 并列，技能说明未说明该范围用于哪项计算。
primal_beast_uproar.damage_min	伤害下限	Minimum Damage	low	咤字段 damage_min 与 damage_max 并列，技能说明提及受到伤害触发，具体参数用途不明。
primal_beast_uproar.max_split_amount	最大分裂数量	Maximum Split Amount	low	咤字段 max_split_amount 受神杖修正，表示投射物最大分裂数量。
primal_beast_uproar.roared_bonus_attack_speed	咆哮攻击速度加成	Roared Attack Speed Bonus	low	咤说明主动释放咆哮，字段 roared_bonus_attack_speed 表示咆哮攻击速度加成参数。
primal_beast_uproar.should_dispell	咆哮时驱散标记	Dispel on Roar Flag	low	咤字段 should_dispell 由天赋修正，表示咆哮是否触发驱散。
primal_beast_uproar.splinter_angle	分裂角度	Splinter Angle	low	咤字段 splinter_angle 受神杖修正并与投射物分裂字段相邻，表示分裂角度。
primal_beast_uproar.stack_count_increase_on_disable	受控制时叠层增加量	Stack Increase on Disable	low	咤说明受到英雄伤害会获得叠层，字段 stack_count_increase_on_disable 的具体控制触发规则未解释。
puck_dream_coil.coil_radius	缠绕半径	Coil radius	medium	“梦境缠绕”字段明确缠绕半径。
puck_dream_coil.coil_rapid_fire_rate	缠绕快速射击速率	Coil rapid-fire rate	low	“梦境缠绕”字段明确 rapid_fire_rate，具体快速射击机制未知。
puck_dream_coil.coil_rapid_fire_z_offset	缠绕快速射击 Z 轴偏移	Coil rapid-fire Z offset	low	“梦境缠绕”字段明确 Z 轴偏移，所指对象未说明。
puck_illusory_orb.curve_orb	法球曲线运动标记	Curve orb flag	low	“幻象法球”字段标记曲线运动，但具体参数含义未展开。
puck_illusory_orb.curve_orb_duration_multiplier	法球曲线持续时间倍率	Curve orb duration multiplier	low	“幻象法球”字段明确曲线持续时间倍率。
puck_illusory_orb.curve_orb_max_acceleration	法球曲线最大加速度	Curve orb maximum acceleration	medium	“幻象法球”字段明确曲线最大加速度。
puck_illusory_orb.curve_orb_pullback_bonus_launch_speed	法球回拉额外发射速度	Orb pullback bonus launch speed	low	“幻象法球”字段明确回拉时额外发射速度。
puck_illusory_orb.curve_strength	曲线强度	Curve strength	low	“幻象法球”字段仅说明曲线强度，未标明单位。
puck_illusory_orb.increase_per_sec	每秒增加值	Increase per second	low	“幻象法球”字段只说明每秒增加量，未指明增加对象。
puck_illusory_orb.orb_vision	法球视野	Orb vision	medium	“幻象法球”字段明确法球视野。
puck_illusory_orb.vector_reticle_distance	向量瞄准标记距离	Vector reticle distance	medium	“幻象法球”字段明确向量瞄准标记距离。
puck_illusory_orb.vector_reticle_radius	向量瞄准标记半径	Vector reticle radius	medium	“幻象法球”字段明确向量瞄准标记半径。
puck_illusory_orb.warning_sound_time	警示音时间	Warning sound time	medium	“幻象法球”字段明确警示音时间。
puck_phase_shift.shard_attack_range_bonus	魔晶攻击距离加成	Shard attack-range bonus	medium	“相位转移”字段明确魔晶攻击距离加成。
puck_waning_rift.push_pull_enabled	推拉启用参数	Push-pull enabled parameter	low	“新月之痕”字段只标示 push_pull_enabled，具体推拉行为未说明。
pudge_dismember.order_lock_duration	指令锁定持续时间	Order-lock duration	low	“肢解”字段明确指令锁定持续时间，具体指令未说明。
pudge_dismember.shard_cast_range	魔晶施法距离	Shard cast range	medium	“肢解”字段明确魔晶施法距离。
pudge_dismember.shard_regen_pct	魔晶恢复比例	Shard regeneration percentage	low	“肢解”字段明确魔晶恢复比例，恢复对象未由字段名说明。
pudge_dismember.ticks	结算次数	Tick count	low	“肢解”造成持续伤害，字段明确 ticks 次数但未说明其间隔。
pudge_meat_hook.hook_speed	肉钩速度	Hook Speed	medium	肉钩说明向单位或方向射出钩子，字段 hook_speed 受命石修正。
pudge_meat_hook.hook_width	肉钩宽度	Hook Width	medium	肉钩字段 hook_width 表示肉钩宽度。
pudge_meat_hook.min_distance_damage	最短距离伤害	Minimum Distance Damage	low	肉钩字段 min_distance_damage 受碎片修正，最短距离的伤害规则未在说明中解释。
pudge_meat_hook.reveal_duration	显形持续时间	Reveal Duration	low	肉钩字段 reveal_duration 表示显形持续时间，技能说明未确定显形对象。
pudge_meat_hook.self_stun_duration_percent	自身眩晕持续时间比例	Self Stun Duration Percentage	low	肉钩字段 self_stun_duration_percent 表示自身眩晕时长比例，技能说明未展开其用途。
pudge_meat_hook.vector_target_distance	指向目标距离	Vector Target Distance	low	肉钩字段 vector_target_distance 表示指向目标距离，技能说明未交代该参数用途。
pudge_rot.rot_tick	腐烂间隔	Rot tick interval	medium	“腐烂”造成持续伤害并减速，字段明确效果 tick 间隔。
pugna_decrepify.bonus_movement_speed_allies	友军额外移动速度	Ally bonus movement speed	medium	“衰老”说明友军获得治疗增强，字段明确友军移动速度加成。
pugna_life_drain.bonus_heal_pct	额外治疗比例	Bonus healing percentage	low	“生命汲取”字段明确额外治疗比例，作用对象未说明。
pugna_life_drain.drain_buffer	汲取缓冲值	Drain buffer	low	“生命汲取”字段明确 drain_buffer，缓冲对象未说明。
pugna_life_drain.health_drain_death_boost	目标死亡时生命汲取加成	Health-drain death bonus	low	“生命汲取”字段明确与生命汲取及死亡相关的加成，具体作用未说明。
pugna_life_drain.health_to_mana_rate	生命转魔法速率	Health-to-mana rate	low	“生命汲取”描述友军施法会转移自身生命，字段明确生命到魔法的速率参数。
pugna_nether_ward.nether_ward_gold_bounty	幽冥守卫金币奖励	Nether Ward gold bounty	medium	“幽冥守卫”字段明确金币奖励。
pugna_nether_ward.self_restoration_range	自身恢复范围	Self-restoration range	low	“幽冥守卫”字段明确自身恢复范围，未说明恢复对象。
pugna_nether_ward.spell_damage_reduction	技能伤害削减	Spell damage reduction	medium	“幽冥守卫”字段明确技能伤害削减。
queenofpain_shadow_strike.duration_heal	持续治疗量	Duration Heal	low	暗影突袭字段 duration_heal 表示治疗参数，技能说明只描述伤害与减速，触发规则不明。
queenofpain_shadow_strike.generate_scream	生成尖叫标记	Generate Scream Flag	low	暗影突袭字段 generate_scream 受神杖修正，表示生成尖叫相关效果的标记。
queenofpain_sonic_wave.starting_aoe	起始作用范围	Starting area of effect	medium	“超声冲击波”字段明确初始作用范围。
queenofpain_succubus.lifesteal_reflected	反射伤害吸血	Reflected Damage Lifesteal	low	魅魔说明技能吸血也对纯粹伤害生效，字段 lifesteal_reflected 表示反射伤害吸血参数。
rattletrap_armor_power.can_consume_chainmail	可消耗锁子甲参数	Can consume Chainmail parameter	medium	“装甲力量”说明可消耗锁子甲永久获得护甲，字段标明该行为参数。
rattletrap_armor_power.health_bar_offset_per_stack	每层生命条偏移量	Health-bar offset per stack	medium	“装甲力量”字段明确每层对应的生命条偏移量。
rattletrap_armor_power.model_scale_maximum	模型缩放上限	Model scale maximum	medium	“装甲力量”字段明确模型缩放上限。
rattletrap_armor_power.model_scale_per_chainmail	每件锁子甲的模型缩放值	Model scale per Chainmail	medium	“装甲力量”说明锁子甲可叠加，字段明确每件对应的模型缩放值。
rattletrap_battery_assault.creep_damage_multiplier	对小兵伤害倍率	Creep damage multiplier	medium	“弹幕冲击”字段明确针对小兵的伤害倍率。
rattletrap_battery_assault.overclocking_radius	超速运转半径	Overclocking radius	low	“弹幕冲击”字段明确 overclocking 状态半径，效果语义未展开。
rattletrap_hookshot.latch_radius	钩爪连接范围	Latch Radius	medium	发射钩爪说明命中单位后牵引发条技师过去，字段 latch_radius 表示连接判定范围。
rattletrap_jetpack.height	飞行高度	Flight Height	medium	喷气背包说明获得飞行移动与视野，字段 height 表示飞行高度。
rattletrap_overclocking.hookshot_damage_bonus_pct	钩爪伤害加成比例	Hookshot damage bonus percentage	medium	“超速运转”字段明确钩爪伤害加成比例。
rattletrap_overclocking.jetpack_turn_rate	喷气背包转向速率	Jetpack turn rate	medium	“超速运转”字段明确喷气背包转向速率。
rattletrap_overclocking.rocket_flare_interval	照明弹间隔	Rocket Flare interval	medium	“超速运转”字段明确照明弹触发间隔。
rattletrap_overclocking.rocket_flare_offset_pct	照明弹偏移比例	Rocket Flare offset percentage	low	“超速运转”字段明确照明弹偏移比例，偏移对象未说明。
rattletrap_power_cogs.cogs_radius_overclock	超频齿轮范围	Overclock Cogs Radius	low	能量齿轮字段 cogs_radius_overclock 表示超频状态下的齿轮范围。
rattletrap_power_cogs.debuff_immune_inside_cogs	齿轮内负面状态免疫	Debuff Immunity Inside Cogs	low	能量齿轮字段 debuff_immune_inside_cogs 受天赋修正，技能说明未说明齿轮内免疫交互。
rattletrap_power_cogs.extra_pull_buffer	额外牵引缓冲量	Extra Pull Buffer	low	能量齿轮字段 extra_pull_buffer 为负值，技能说明未展开牵引缓冲参数的含义。
rattletrap_power_cogs.inside_cogs_distance_reduction	齿轮内距离缩减	Inside Cogs Distance Reduction	low	能量齿轮字段 inside_cogs_distance_reduction 表示齿轮内距离缩减，具体判定规则不明。
rattletrap_power_cogs.magic_barrier	魔法护盾参数	Magic Barrier Parameter	low	能量齿轮字段 magic_barrier 为 0，技能说明未说明该魔法护盾参数的具体作用。
rattletrap_power_cogs.push_duration_overclock	超频击退持续时间	Overclock Push Duration	low	能量齿轮字段 push_duration_overclock 与超频范围和触发距离并列，表示超频击退持续时间。
rattletrap_power_cogs.trigger_distance	触发距离	Trigger Distance	medium	能量齿轮说明敌人触碰齿轮会被击退，字段 trigger_distance 表示触发距离。
rattletrap_power_cogs.trigger_distance_overclock	超频触发距离	Overclock Trigger Distance	low	能量齿轮字段 trigger_distance_overclock 表示超频状态下的触发距离。
rattletrap_rocket_flare.projectile_vision_duration	投射物视野持续时间	Projectile vision duration	medium	“照明火箭”说明击中区域视野持续一定时间，字段明确持续时间。
rattletrap_rocket_flare.projectile_vision_radius	投射物视野半径	Projectile vision radius	medium	“照明火箭”提供击中区域视野，字段明确投射物视野半径。
rattletrap_rocket_flare.projectile_vision_tick_rate	投射物视野间隔	Projectile-vision tick rate	low	“照明火箭”字段明确视野 tick 速率，具体更新时间未说明。
rattletrap_rocket_flare.true_sight	真实视域参数	True Sight parameter	low	“照明火箭”字段标明真实视域参数，是否开关或范围值不明。
razor_plasma_field.second_ring_delay	第二圈延迟	Second ring delay	medium	“等离子场”字段明确第二圈出现延迟。
razor_plasma_field.second_ring_reduction	第二圈削减值	Second ring reduction	low	“等离子场”字段明确第二圈削减值，削减对象不明。
razor_plasma_field.total_ability_time	技能总时长	Total ability time	low	“等离子场”字段明确技能总时长。
razor_static_link.attack_speed_factor	攻击速度系数	Attack-speed factor	low	“静电连接”说明偷取攻击力，字段只标明攻击速度系数，作用关系未说明。
razor_static_link.min_pull_range	最小牵引距离	Minimum pull range	low	“静电连接”字段明确最小牵引距离，但连接与牵引关系未说明。
razor_storm_surge.hit_targets_inside_eye_of_the_storm	命中风暴之眼内目标标记	Hit targets inside Eye of the Storm flag	low	“风暴涌动”字段明确风暴之眼范围内命中目标参数，具体规则未说明。
riki_backstab.invis_movespeed_bonus_percent	隐身移动速度加成比例	Invisibility movement-speed bonus percentage	medium	“刀光谍影”说明隐身状态，字段明确隐身移动速度加成比例。
riki_poison_dart.wake_damage_limit	唤醒伤害上限	Wake damage limit	low	“毒镖”字段仅说明唤醒伤害上限，触发对象未明。
riki_smoke_screen.block_targeting	阻止目标选择	Block Targeting	low	烟幕说明沉默敌人并使攻击落空，字段 block_targeting 受碎片修正，具体目标选择限制未展开。
riki_tricks_of_the_trade.base_attack_damage_pct	基础攻击伤害比例	Base attack-damage percentage	low	“绝杀秘技”字段明确基础攻击伤害比例。
riki_tricks_of_the_trade.cd_per_kill	每次击杀冷却变化值	Cooldown change per kill	low	“绝杀秘技”字段明确每次击杀对应的冷却参数，未说明增减方向。
riki_tricks_of_the_trade.pocket_riki_enabled	口袋力丸启用参数	Pocket Riki enabled parameter	low	“绝杀秘技”字段只标示 pocket_riki_enabled，是否为开关未确认。
riki_tricks_of_the_trade.speed_per_attack	每次攻击速度值	Speed per attack	low	“绝杀秘技”字段仅标明每次攻击对应速度值，未说明速度类型。
ringmaster_dark_carnival_souvenirs.use_souvenir_set_1	使用纪念品套组一标记	Use souvenir set 1 flag	low	“暗黑狂欢主持”字段名表明使用纪念品套组一。
ringmaster_dark_carnival_souvenirs.use_souvenir_set_2	使用纪念品套组二标记	Use souvenir set 2 flag	low	“暗黑狂欢主持”字段名表明使用纪念品套组二。
ringmaster_funhouse_mirror.health_bar_offset_1	生命条偏移值一	Health Bar Offset 1	low	哈哈镜字段 health_bar_offset_1 与多组生命条偏移相邻，表示第一组偏移值。
ringmaster_funhouse_mirror.health_bar_offset_2	生命条偏移值二	Health Bar Offset 2	low	哈哈镜字段 health_bar_offset_2 与多组生命条偏移相邻，表示第二组偏移值。
ringmaster_funhouse_mirror.health_bar_offset_3	生命条偏移值三	Health Bar Offset 3	low	哈哈镜字段 health_bar_offset_3 与多组生命条偏移相邻，表示第三组偏移值。
ringmaster_funhouse_mirror.illusion_model_scale_1	幻象模型缩放值一	Illusion Model Scale 1	low	哈哈镜字段 illusion_model_scale_1 与多组模型缩放值相邻，表示第一组幻象模型缩放。
ringmaster_funhouse_mirror.illusion_model_scale_2	幻象模型缩放值二	Illusion Model Scale 2	low	哈哈镜字段 illusion_model_scale_2 与多组模型缩放值相邻，表示第二组幻象模型缩放。
ringmaster_funhouse_mirror.illusion_model_scale_3	幻象模型缩放值三	Illusion Model Scale 3	low	哈哈镜字段 illusion_model_scale_3 与多组模型缩放值相邻，表示第三组幻象模型缩放。
ringmaster_funhouse_mirror.images_do_damage_percent_melee	近战幻象伤害比例	Melee Illusion Damage Percentage	medium	哈哈镜说明生成英雄幻象，字段 images_do_damage_percent_melee 指定近战幻象伤害比例。
ringmaster_funhouse_mirror.images_do_damage_percent_ranged	远程幻象伤害比例	Ranged Illusion Damage Percentage	medium	哈哈镜字段 images_do_damage_percent_ranged 指定远程幻象伤害比例。
ringmaster_funhouse_mirror.images_take_damage_percent	幻象承受伤害比例	Illusion Damage Taken Percentage	medium	哈哈镜说明生成幻象，字段 images_take_damage_percent 表示幻象承受伤害比例。
ringmaster_funhouse_mirror.model_scale_animate_time	模型缩放动画时间	Model Scale Animation Time	low	哈哈镜字段 model_scale_animate_time 表示模型缩放动画时间。
ringmaster_funhouse_mirror.num_scale_sets	模型缩放组数	Model Scale Set Count	low	哈哈镜字段 num_scale_sets 与各组幻象模型缩放参数相邻，表示缩放组数量。
ringmaster_funhouse_mirror.tooltip_damage_outgoing_melee	近战幻象输出伤害比例提示	Melee Illusion Outgoing Damage Tooltip	low	哈哈镜字段 tooltip_damage_outgoing_melee 是提示值，技能说明未给出该比例的判定方式。
ringmaster_impalement.dagger_pass_through	飞刀穿透标记	Dagger pass-through flag	low	“尖刀戏”字段明确飞刀是否穿透，穿透对象未说明。
ringmaster_impalement.dagger_speed	飞刀速度	Dagger speed	medium	“尖刀戏”字段明确飞刀速度。
ringmaster_impalement.dagger_vision	飞刀视野	Dagger vision	low	“尖刀戏”字段明确飞刀视野参数，具体视野类型未明。
ringmaster_impalement.dagger_width	飞刀宽度	Dagger width	medium	“尖刀戏”字段明确飞刀宽度。
ringmaster_spotlight.pulse_interval	脉冲间隔	Pulse interval	medium	“聚光灯”产生聚光脉冲，字段明确脉冲间隔。
ringmaster_spotlight.start_offset	起始偏移量	Starting offset	low	“聚光灯”字段只标出起始偏移量，偏移对象或方向未说明。
ringmaster_spotlight.sweep_radius	扫过半径	Sweep radius	medium	“聚光灯”字段明确扫过半径。
ringmaster_spotlight.sweep_speed	扫过速度	Sweep speed	medium	“聚光灯”灯束移动，字段明确扫过速度。
ringmaster_strongman_tonic.model_scale_animate_time	模型缩放动画时间	Model-scale animation time	medium	“强力水”字段明确模型缩放动画时间。
ringmaster_summon_unicycle.mount_cast_point	骑乘施法前摇	Mount cast point	low	“独轮车”字段明确 mount 的施法前摇。
ringmaster_summon_unicycle.tree_impact_speed_divisor	撞树速度除数	Tree-impact speed divisor	low	“独轮车”字段明确撞树速度除数，不推定计算结果。
ringmaster_summon_unicycle.turn_rate_max	最大转向速率	Maximum turn rate	medium	“独轮车”字段明确最大转向速率。
ringmaster_summon_unicycle.turn_rate_min	最小转向速率	Minimum turn rate	medium	“独轮车”字段明确最小转向速率。
ringmaster_tame_the_beasts.crack_duration	裂纹持续时间	Crack duration	low	“驯服野兽”字段明确 crack 持续时间，具体视觉或效果对象未说明。
ringmaster_tame_the_beasts.has_debuff_immunity	拥有负面效果免疫参数	Has debuff immunity parameter	low	“驯服野兽”字段只标记是否拥有负面效果免疫，具体适用对象未说明。
ringmaster_tame_the_beasts.max_multiplier	倍率上限	Maximum multiplier	low	“驯服野兽”字段明确倍率上限，倍率对象未说明。
ringmaster_tame_the_beasts.whip_channel_reduction	鞭笞持续施法缩短值	Whip channel reduction	low	“驯服野兽”字段明确 whip channel reduction，缩短对象未由描述说明。
ringmaster_tame_the_beasts.whip_cooldown_reduction	鞭笞冷却缩短值	Whip cooldown reduction	low	“驯服野兽”字段明确 whip 冷却缩短值。
ringmaster_the_box.grant_debuff_immunity	赋予负面效果免疫标记	Grant debuff immunity flag	medium	“逃生技”字段明确是否赋予负面效果免疫。
ringmaster_the_box.grant_flying	赋予飞行状态标记	Grant flying flag	low	“逃生技”字段明确 grant_flying，飞行对象未说明。
ringmaster_the_box.heal_ally	治疗队友标记	Heal ally flag	low	“逃生技”字段标记队友治疗，具体治疗量未说明。
ringmaster_the_box.launch_daggers_count	发射飞刀数量	Number of daggers launched	medium	“逃生技”字段明确发射飞刀数量。
ringmaster_the_box.launch_daggers_range	飞刀发射距离	Dagger launch range	medium	“逃生技”字段明确飞刀发射距离。
ringmaster_the_box.model_scale_time	模型缩放时间	Model scale time	medium	“逃生技”字段明确模型缩放时间。
ringmaster_the_box.transform_time	变形时间	Transformation time	medium	“逃生技”字段明确变形所需时间。
ringmaster_the_box.unicycle_duration	独轮车持续时间	Unicycle duration	medium	“逃生技”字段明确独轮车持续时间。
ringmaster_wheel.aura_tick_interval	光环生效间隔	Aura Tick Interval	medium	奇观轮说明到达目的地后对范围内敌人持续造成伤害，字段 aura_tick_interval 表示光环生效间隔。
ringmaster_whoopee_cushion.fart_cloud_aura_linger_duration	臭气云光环残留持续时间	Fart-cloud aura linger duration	medium	“Whoopee Cushion”字段明确臭气云光环残留持续时间。
roshan_grab_and_throw.interval	抓取间隔	Grab Interval	low	Roshan 抓取并投掷字段 interval 表示动作间隔，技能说明缺失，具体动作未明。
roshan_grab_and_throw.max_interrupt_count	最大打断次数	Maximum Interrupt Count	low	Roshan 抓取并投掷字段 max_interrupt_count 表示最大打断次数，技能说明缺失。
roshan_grab_and_throw.ministun	短暂眩晕时间	Mini-stun Duration	medium	Roshan 抓取并投掷字段 ministun 表示短暂眩晕时间，旁边另有眩晕持续时间。
roshan_halloween_apocalypse.delay	延迟	Delay	low	“万圣节末日”字段缺少技能说明，delay 对应对象未说明。
roshan_halloween_burn.projectile_count	投射物数量	Projectile count	low	“万圣节灼烧”字段缺少说明，仅能确认投射物数量。
roshan_halloween_burn.rotation_angle	旋转角度	Rotation angle	low	“万圣节灼烧”字段缺少说明，仅能确认旋转角度。
roshan_halloween_fireball.damage_percent	伤害比例	Damage Percentage	low	万圣节火球字段 damage_percent 表示伤害比例，技能说明缺失，基数不明。
roshan_halloween_greater_bash.chance_pct	重击概率	Bash chance	medium	“万圣节巨力重击”字段明确重击概率比例。
roshan_halloween_levels.bonus_magic_resist	魔法抗性加成	Bonus Magic Resistance	low	Roshan 万圣节等级字段 bonus_magic_resist 表示魔法抗性加成，说明缺失。
roshan_halloween_shell.bonus_spell_damage_pct	额外技能伤害比例	Bonus spell-damage percentage	low	“万圣节护壳”字段明确额外技能伤害比例，技能说明缺失。
roshan_halloween_toss.bonus_damage_pct	额外伤害比例	Bonus Damage Percentage	low	Roshan 万圣节投掷字段 bonus_damage_pct 表示额外伤害比例，技能说明缺失。
roshan_halloween_toss.grab_radius	抓取范围	Grab Radius	low	Roshan 万圣节投掷字段 grab_radius 表示抓取范围，技能说明缺失。
roshan_halloween_toss.grow_bonus_damage_pct	成长伤害比例	Growing Bonus Damage Percentage	low	Roshan 万圣节投掷字段 grow_bonus_damage_pct 表示成长的额外伤害比例，具体成长条件不明。
roshan_halloween_toss.toss_damage	投掷伤害	Toss Damage	low	Roshan 万圣节投掷字段 toss_damage 表示投掷伤害，技能说明缺失。
roshan_halloween_wave_of_force.game_end_damage	游戏结束时伤害值	Game-end damage	low	“万圣节冲击波”字段明确 game_end_damage，但作用条件未说明。
roshan_halloween_wave_of_force.game_end_radius	游戏结束时范围	Game-end radius	low	“万圣节冲击波”字段明确 game_end_radius，但作用条件未说明。
roshan_inherent_buffs.move_pits_bonus_speed_per_interrupt	每次打断增加的移动速度	Movement speed bonus per pit interrupt	low	Roshan 被动字段仅说明每次 interrupt 对应的速度加成，move_pits 的语义未由技能文本解释。
roshan_inherent_buffs.move_pits_max_bonus_speed	移动速度加成上限	Maximum movement speed bonus	low	Roshan 被动字段明确移动速度加成上限。
roshan_inherent_buffs.move_pits_slow_resistance	减速抗性	Slow resistance	low	Roshan 被动字段明确减速抗性。
roshan_revengeroar.windup_time	起手时间	Wind-up time	low	“复仇咆哮”字段明确起手时间，技能描述缺失。
rubick_curiosity.curiosity_factor	好奇系数	Curiosity factor	low	“好奇心”字段仅能确认 curiosity_factor，具体作用未知。
rubick_fade_bolt.steals_damage	伤害窃取	Damage steal	low	“弱化能流”字段只表明窃取伤害，未说明窃取对象或方向。
rubick_null_field.magic_damage_reduction_pct	魔法伤害减免比例	Magic Damage Reduction Percentage	low	拉比克字段 magic_damage_reduction_pct 表示魔法伤害减免比例，技能说明缺失。
rubick_spell_steal.curiosity_steal_factor	好奇窃取系数	Curiosity-steal factor	low	“技能窃取”字段明确 curiosity_steal_factor，语义未由技能文本说明。
rubick_spell_steal.spell_amp_percent	技能增强比例	Spell amplification percentage	low	“技能窃取”字段明确技能增强比例。
rubick_telekinesis.fall_duration	落地持续时间	Fall duration	medium	“隔空取物”字段明确落地持续时间。
rubick_telekinesis.shard_cooldown_reduction_pct	魔晶冷却缩减比例	Shard cooldown reduction percentage	medium	“隔空取物”字段明确魔晶冷却缩减比例。
rubick_telekinesis.shard_max_land_distance_bonus_pct	魔晶最大落地距离加成比例	Shard maximum landing distance bonus percentage	medium	“隔空取物”字段明确魔晶相关最大落地距离加成。
sandking_burrowstrike.burrow_anim_time	掘地动作时间	Burrow Animation Time	low	掘地穿刺字段 burrow_anim_time 表示掘地动作时间，未说明动画与效果的对应关系。
sandking_burrowstrike.burrow_speed	掘地速度	Burrow Speed	medium	掘地穿刺字段 burrow_speed 表示向前挖掘的速度。
sandking_burrowstrike.burrow_width	穿刺宽度	Burrow Width	medium	掘地穿刺说明沙王沿隧道前进并击中上方单位，字段 burrow_width 带范围加成标记。
sandking_epicenter.proc_passively	被动触发参数	Passive-proc parameter	low	“地震”字段只标记 proc_passively，触发对象未说明。
sandking_epicenter.scepter_explosion_min_dist	神杖爆炸最小距离	Scepter explosion minimum distance	medium	“地震”字段明确神杖爆炸最小距离。
sandking_sand_storm.sand_storm_slow	沙尘暴减速值	Sand Storm slow value	medium	“沙尘暴”字段明确减速参数，未提供单位。
sandking_scorpion_strike.inner_radius_procs_caustic	内圈触发腐尸毒	Inner Radius Procs Caustic	low	尾刺说明中心区域敌人有额外效果，字段 inner_radius_procs_caustic 控制内圈腐尸毒触发，具体行为不明。
satyr_trickster_purge.purge_rate	净化速率	Purge rate	low	“净化”字段明确 purge 速率，具体作用未说明。
satyr_trickster_purge.summon_damage	召唤伤害值	Summon damage	low	“净化”字段仅标记 summon_damage，召唤对象未说明。
seasonal_dark_carnival_balloon.different_types	不同类型参数	Different-types parameter	low	“狂欢气球”字段名只表明类型差异，具体对象不明。
seasonal_dark_carnival_balloon.drag	拖拽值	Drag value	low	“狂欢气球”字段只有 drag，未说明拖拽对象或尺度。
seasonal_dark_carnival_balloon.multi_spawn	多重生成参数	Multi-spawn parameter	low	“狂欢气球”字段名表明多重生成，字段值含义不明。
seasonal_dark_carnival_firework.explosion_type	烟花爆炸类型	Firework Explosion Type	low	狂欢烟花字段 explosion_type 有多个枚举值，技能说明仅描述发射烟花，类型含义未明。
seasonal_dark_carnival_pie.bounce	弹跳标记	Bounce Flag	low	狂欢馅饼字段 bounce 为开关，技能说明未解释馅饼弹跳行为。
seasonal_dark_carnival_pie.golden_pie	金色馅饼标记	Golden Pie Flag	low	狂欢馅饼字段 golden_pie 为多级标记，技能说明未解释金色馅饼效果。
seasonal_diretide2020_high_five.acknowledge_range	回应距离	Acknowledge range	medium	“击掌”字段明确回应距离。
seasonal_diretide2020_high_five.acknowledged_cooldown	回应冷却时间	Acknowledged cooldown	medium	“击掌”字段明确回应后的冷却时间。
seasonal_diretide2020_high_five.high_five_speed	击掌速度	High-five speed	low	“击掌”字段明确速度，但具体作用对象和单位未说明。
seasonal_diretide2020_high_five.request_duration	请求持续时间	Request duration	medium	“击掌”字段明确请求持续时间。
seasonal_party_hat.controlled_unit_search_radius	受控单位搜索半径	Controlled-unit search radius	medium	“迎霜精神”字段明确受控单位搜索半径。
seasonal_summon_cny_balloon.drag	牵引量	Drag Amount	low	新年气球字段 drag 与移动、弹跳参数并列，技能说明缺失，牵引对象不明。
seasonal_summon_dragon.grace_period	宽限时间	Grace period	low	召唤龙字段明确宽限时间，但适用的状态或操作未知。
seasonal_summon_dragon.search_distance	搜索距离	Search distance	low	召唤龙字段只说明搜索距离，搜索对象未说明。
seasonal_summon_penguin.bump_collision_radius	碰撞判定范围	Bump Collision Radius	medium	召唤企鹅说明英雄碰到企鹅会产生效果，字段 bump_collision_radius 表示碰撞判定范围。
seasonal_summon_penguin.bump_delay	碰撞延迟	Bump Delay	medium	召唤企鹅说明英雄碰撞后会增加速度，字段 bump_delay 表示碰撞相关延迟。
seasonal_summon_penguin.bump_delay_absolute	固定碰撞延迟	Absolute Bump Delay	low	召唤企鹅字段 bump_delay_absolute 与 bump_delay 并列，具体区别未由技能说明解释。
seasonal_summon_penguin.impaired_duration	受损状态持续时间	Impaired Duration	low	召唤企鹅字段 impaired_duration 表示受损状态持续时间，技能说明未提及该状态。
seasonal_summon_penguin.initial_lifetime	初始存活时间	Initial Lifetime	medium	召唤企鹅说明企鹅会滑行并在碰撞后延长时间，字段 initial_lifetime 表示初始存活时间。
seasonal_summon_penguin.lifetime_gain_per_hero_bump	每次英雄碰撞增加的存活时间	Lifetime Gain per Hero Bump	medium	召唤企鹅说明每次英雄碰撞会延长持续时间，字段 lifetime_gain_per_hero_bump 表示延长量。
seasonal_summon_penguin.max_gainable_lifetime	可增加存活时间上限	Maximum Gainable Lifetime	medium	召唤企鹅说明碰撞会延长存活时间，字段 max_gainable_lifetime 表示可增加时间上限。
seasonal_summon_penguin.min_speech_repeat_time	台词最短重复间隔	Minimum Speech Repeat Interval	low	召唤企鹅字段 min_speech_repeat_time 表示台词重复间隔下限，技能说明未展开语音规则。
seasonal_summon_penguin.run_distance	滑行距离	Run Distance	low	召唤企鹅说明企鹅会滑行，字段 run_distance 表示滑行距离。
seasonal_summon_penguin.spawn_offset	生成偏移量	Spawn Offset	low	召唤企鹅字段 spawn_offset 表示生成偏移量，生成位置参照物不明。
seasonal_summon_penguin.speed_after_crash	碰撞后速度	Speed after Crash	low	召唤企鹅字段 speed_after_crash 表示碰撞后的速度，具体碰撞类型未说明。
seasonal_summon_penguin.speed_gain_per_hero_bump	每次英雄碰撞增加的速度	Speed Gain per Hero Bump	medium	召唤企鹅说明每次英雄碰撞后会加速，字段 speed_gain_per_hero_bump 对应该速度增量。
seasonal_summon_penguin.speed_step	速度步进量	Speed Step	low	召唤企鹅字段 speed_step 与速度增长参数并列，技能说明未解释具体计步方式。
seasonal_summon_penguin.speed_step_interval	速度步进间隔	Speed Step Interval	low	召唤企鹅字段 speed_step_interval 表示速度步进间隔，具体步进规则未在说明中写明。
seasonal_summon_snowman.grace_period	宽限时间	Grace period	low	召唤雪人字段明确宽限时间，适用对象未说明。
seasonal_summon_snowman.search_distance	搜索距离	Search distance	low	召唤雪人字段明确搜索距离，搜索对象未说明。
seasonal_summon_ti9_balloon.drag	拖拽值	Drag value	low	TI9 气球字段只有 drag，未说明拖拽对象或尺度。
seasonal_ti10_disco_ball.size	尺寸	Size	low	迪斯科球字段仅标示尺寸，具体测量方式未知。
seasonal_ti10_guild_banner.size	尺寸	Size	low	公会旗帜字段只标示尺寸，具体测量对象未知。
seasonal_ti10_high_five.acknowledge_range	回应距离	Acknowledge range	medium	击掌字段明确回应距离。
seasonal_ti10_high_five.acknowledged_cooldown	回应冷却时间	Acknowledged cooldown	medium	击掌字段明确回应后的冷却时间。
seasonal_ti10_high_five.high_five_speed	击掌速度	High-five speed	low	击掌字段明确速度，但未说明对象或单位。
seasonal_ti10_high_five.request_duration	请求持续时间	Request duration	medium	击掌字段明确请求持续时间。
seasonal_ti10_soccer_ball.drag_coefficient	阻力系数	Drag coefficient	medium	足球字段明确 drag coefficient。
seasonal_ti10_soccer_ball.magnus_coefficient	马格纳斯系数	Magnus coefficient	low	足球字段只标示 Magnus 系数，物理含义未说明。
seasonal_ti10_soccer_ball.magnus_falloff	马格纳斯效应衰减值	Magnus falloff	low	足球字段只标示 Magnus 衰减值，变化方式未说明。
seasonal_ti10_soccer_ball.max_delay	最长延迟	Maximum delay	low	足球字段明确最长延迟，所指过程未说明。
seasonal_ti10_soccer_ball.min_delay	最短延迟	Minimum delay	low	足球字段明确最短延迟，所指过程未说明。
seasonal_ti11_balloon.drag	拖拽值	Drag value	low	TI11 气球字段只有 drag，未说明拖拽对象或尺度。
seasonal_ti11_balloon.max_usable_charges	可用充能上限	Maximum usable charges	medium	TI11 气球字段明确可用充能数量上限。
seasonal_ti11_balloon.model_scale_per_stack	每层模型缩放值	Model scale per stack	medium	TI11 气球字段明确每层对应的模型缩放值。
seasonal_ti11_balloon.power_growth_exponent	力量增长指数	Power growth exponent	low	TI11 气球字段明确增长指数，但 power 所指属性不明。
seasonal_ti11_conga_line.catch_up_distance	追赶距离	Catch-up distance	medium	“康加舞队列”字段明确追赶距离。
seasonal_ti11_conga_line.dance_interval	舞蹈间隔	Dance interval	medium	“康加舞队列”字段明确舞蹈间隔。
seasonal_ti11_conga_line.gesture_duration	动作持续时间	Gesture duration	medium	“康加舞队列”字段明确动作持续时间。
seasonal_ti11_conga_line.slow_amount	减速值	Slow amount	low	“康加舞队列”字段只标示减速数值，未说明单位或对象。
seasonal_ti9_banner.size	尺寸	Size	low	TI9 旗帜字段仅标示尺寸，具体测量方式未知。
seasonal_ti9_instruments.size	尺寸	Size	low	TI9 乐器字段仅标示尺寸，具体测量方式未知。
seasonal_ti9_monkey.attack_projectile_time	攻击投射物时间	Attack projectile time	low	TI9 猴子字段仅说明攻击投射物时间，具体用途未明。
seasonal_ti9_monkey.attack_time	攻击时间	Attack time	low	TI9 猴子字段仅说明攻击时间，具体动画阶段未明。
seasonal_ti9_monkey.debuff_time	负面效果持续时间	Debuff time	low	TI9 猴子字段明确负面效果时间，具体效果未知。
seasonal_ti9_monkey.shoot_angle	发射角度	Shoot angle	medium	TI9 猴子字段明确发射角度。
seasonal_ti9_monkey.turn_angle	转向角度	Turn angle	medium	TI9 猴子字段明确转向角度。
seasonal_ti9_monkey.turn_time	转向时间	Turn time	low	TI9 猴子字段仅说明转向时间，起算节点未明。
shadow_demon_demonic_purge.apply_poison_stacks	施加中毒层数标记	Apply poison stacks parameter	low	“邪恶净化”字段表示施加 poison stacks，技能说明未解释其具体效果。
shadow_demon_disruption.illusion_bounty_base	幻象基础奖励	Illusion Base Bounty	low	崩裂禁锢说明会生成幻象，字段 illusion_bounty_base 表示幻象基础奖励，奖励对象不明。
shadow_demon_disruption.illusion_bounty_growth	幻象奖励成长量	Illusion Bounty Growth	low	崩裂禁锢字段 illusion_bounty_growth 表示幻象奖励成长量，技能说明未说明成长机制。
shadow_demon_soul_catcher.health_lost	损失生命值	Health lost	low	“灵魂捕手”字段明确生命值损失，结算对象未说明。
shadow_demon_soul_catcher.illusion_incoming_damage_tooltip	幻象承受伤害提示值	Illusion incoming damage tooltip value	medium	“灵魂捕手”字段明确幻象承受伤害提示值。
shadow_demon_soul_catcher.illusion_outgoing_damage_tooltip	幻象造成伤害提示值	Illusion outgoing damage tooltip value	medium	“灵魂捕手”字段明确幻象造成伤害提示值。
shadow_shaman_fowl_play.ally_chicken_images_take_damage_percent	友方小鸡幻象承受伤害比例	Ally Chicken Illusion Damage Taken Percentage	low	禽戏说明会产生小鸡形态，字段 ally_chicken_images_take_damage_percent 表示友方小鸡幻象承伤比例。
shadow_shaman_fowl_play.levels_per_chicken	每只小鸡对应等级数	Levels per Chicken	low	禽戏说明致死时会变成小鸡并额外产生小鸡，字段 levels_per_chicken 的计量关系未在说明中解释。
shadow_shaman_innate_piglet_pole.tooltip_cooldown	冷却时间提示值	Cooldown tooltip value	low	先天技能字段仅说明冷却提示值。
shadow_shaman_innate_piglet_pole.tooltip_duration	持续时间提示值	Duration tooltip value	low	先天技能字段仅说明持续时间提示值，效果对象未明。
shadow_shaman_innate_piglet_pole.tooltip_manacost	魔法消耗提示值	Mana cost tooltip value	low	先天技能字段仅说明魔法消耗提示值。
shadow_shaman_innate_piglet_pole.tooltip_movespeed	移动速度提示值	Movement speed tooltip value	low	先天技能字段仅说明移动速度提示值。
shadow_shaman_innate_piglet_pole.voodoo_manacost	妖术魔法消耗	Voodoo mana cost	medium	先天技能字段明确 voodoo 的魔法消耗。
shadow_shaman_mass_serpent_ward.bonus_attack_targets	额外攻击目标数	Bonus Attack Targets	medium	群蛇守卫字段 bonus_attack_targets 受天赋修正，表示额外攻击目标数量。
shadow_shaman_mass_serpent_ward.mega_ward_model_scale_multiplier	巨蛇守卫模型缩放倍率	Mega Ward Model Scale Multiplier	low	群蛇守卫字段 mega_ward_model_scale_multiplier 表示模型缩放倍率，技能说明未展开外观表现。
shadow_shaman_mass_serpent_ward.ward_health	守卫生命值	Ward Health	medium	群蛇守卫说明召唤蛇棒攻击敌人，字段 ward_health 受天赋增加。
shadow_shaman_serpentine.count	蛇棒数量	Serpent Ward count	low	蛇棒字段明确 count 数量，计数对象按技能名确定为蛇棒。
shadow_shaman_shackles.alt_cast_on_allies	对友军替代施法参数	Alternate cast on allies parameter	low	“枷锁”字段标记对友军的 alt_cast，具体施法方式未知。
shadow_shaman_shackles.bonus_target_channel_time_pct	额外目标持续施法时间比例	Bonus-target channel-time percentage	low	“枷锁”字段明确额外目标 channel 时间比例，未说明基准。
shadow_shaman_shackles.bonus_targets	额外目标数量	Bonus target count	medium	“枷锁”字段明确额外目标数量。
shadow_shaman_shackles.bonus_targets_search_range	额外目标搜索距离	Bonus-target search range	medium	“枷锁”字段明确额外目标搜索距离。
shadow_shaman_shackles.heal_percentage	治疗比例	Healing percentage	low	“枷锁”字段明确治疗比例，治疗对象未说明。
shadow_shaman_shackles.ward_linger_duration	守卫残留持续时间	Ward linger duration	low	“枷锁”字段明确守卫残留持续时间，具体守卫行为未说明。
shadow_shaman_voodoo.damage_amp	伤害增强参数	Damage Amplification Parameter	low	妖术字段 damage_amp 受天赋修正，技能说明只提到禁用攻击与技能，伤害增强对象不明。
shredder_chakram.castpoint_scepter	神杖施法前摇	Scepter Cast Point	low	锯齿飞轮字段 castpoint_scepter 受神杖修正，表示神杖施法前摇参数。
shredder_chakram.second_chakram	第二个飞轮标记	Second Chakram Flag	medium	锯齿飞轮字段 second_chakram 表示第二个飞轮开关，神杖施法前摇字段与其并列。
shredder_chakram_2.damage_penalty_tooltip	伤害惩罚提示值	Damage penalty tooltip value	low	“切割飞轮”字段明确伤害惩罚提示值，具体机制未核实。
shredder_chakram_2.mana_per_second	每秒魔法消耗	Mana cost per second	medium	“切割飞轮”字段明确每秒魔法消耗。
shredder_chakram_2.pass_damage	通过伤害值	Pass damage value	low	“切割飞轮”字段 pass_damage 含义不明确，采用中性名称。
shredder_chakram_2.scepter_bonus_damage	神杖额外伤害	Scepter bonus damage	medium	“切割飞轮”字段明确神杖额外伤害。
shredder_chakram_2.second_chakram	第二个飞轮参数	Second Chakram parameter	low	“切割飞轮”字段只标记第二个飞轮参数，未说明值的用途。
shredder_chakram_2.slow	减速值	Slow value	low	“切割飞轮”字段仅给出 slow 数值，不增加单位或方向解释。
shredder_chakram_2.slow_health_percentage	减速生命比例	Slow health percentage	low	“切割飞轮”字段组合 slow 与 health percentage，关系不明，保留中性描述。
shredder_timber_chain.chain_radius	锯链范围	Chain Radius	medium	伐木锯链说明锯链会钩住树木并牵引伐木机，字段 chain_radius 表示锯链范围。
shredder_twisted_chakram.max_target_distance	目标最长距离	Maximum Target Distance	low	锯齿轮旋字段 max_target_distance 与 min_target_distance 并列，具体目标判定规则不明。
shredder_twisted_chakram.min_target_distance	目标最短距离	Minimum Target Distance	low	锯齿轮旋字段 min_target_distance 与 max_target_distance 并列，具体目标判定规则不明。
shredder_twisted_chakram.slow	减速参数	Slow Parameter	low	锯齿轮旋字段 slow 受天赋修正，说明未明确它代表减速比例还是其他参数。
shredder_twisted_chakram.spread	飞轮散开范围	Chakram Spread	medium	锯齿轮旋说明第二个飞轮沿弧线飞行，字段 spread 带范围加成标记。
shredder_whirling_death.whirling_tick	旋转间隔	Whirling tick interval	medium	“死亡旋风”字段明确旋转效果的 tick 间隔。
silencer_glaives_of_wisdom.debuff_linger_duration	负面效果残留持续时间	Debuff linger duration	medium	“智慧之刃”字段明确负面效果残留持续时间。
silencer_glaives_of_wisdom.pure_pierce_debuff	纯粹伤害穿透负面效果参数	Pure-damage-pierce debuff parameter	low	“智慧之刃”字段只组合 pure_pierce 与 debuff，具体关系未说明。
silencer_glaives_of_wisdom.stacks_for_silence	沉默所需层数	Stacks required for silence	medium	“智慧之刃”字段明确触发沉默所需层数。
silencer_global_silence.applies_curse	施加诅咒标记	Applies Curse Flag	low	全领域静默字段 applies_curse 受神杖修正，诅咒效果细节未由说明解释。
silencer_global_silence.apply_twice	重复施加标记	Apply Twice Flag	low	全领域静默字段 apply_twice 受命石修正，技能说明未展开重复施加规则。
skeleton_king_bone_guard.min_skeleton_spawn	骷髅最低生成数量	Minimum skeleton spawn count	medium	“白骨护卫”字段明确骷髅最低生成数量。
skeleton_king_bone_guard.skeleton_charges_per_hero_multiplier	每名英雄骷髅充能倍率	Skeleton charges per hero multiplier	low	“白骨护卫”字段明确每名英雄关联的骷髅充能倍率。
skeleton_king_bone_guard.talent_skeleton_damage	天赋骷髅伤害	Talent skeleton damage	medium	“白骨护卫”字段明确天赋相关骷髅伤害。
skeleton_king_hellfire_blast.blast_speed	爆轰速度	Blast speed	medium	“冥火爆击”字段明确投射物速度。
skeleton_king_mortal_strike.curse_cooldown	诅咒冷却时间	Curse Cooldown	low	本命一击字段 curse_cooldown 受碎片修正，技能说明未解释诅咒关联效果。
skeleton_king_mortal_strike.wraith_cd_mult	冥魂冷却倍率	Wraith Cooldown Multiplier	low	本命一击字段 wraith_cd_mult 表示冷却倍率，技能说明仅说明暴击被动及冷却。
skeleton_king_reincarnation.clear_curse	清除诅咒参数	Clear-curse parameter	low	“重生”字段只标示 clear_curse，未说明清除条件或对象。
skeleton_king_reincarnation.trigger_wraithfire_blast	触发冥火爆击参数	Trigger Wraithfire Blast parameter	low	“重生”字段指出触发冥火爆击，但具体触发规则未说明。
skywrath_mage_arcane_bolt.bolt_vision	奥法鹰隼视野	Arcane Bolt vision	medium	“奥法鹰隼”字段明确投射物视野。
skywrath_mage_arcane_bolt.pierce_spell_immunity	穿透技能免疫标记	Pierce spell immunity flag	medium	“奥法鹰隼”字段明确是否穿透技能免疫。
skywrath_mage_concussive_shot.launch_global	全地图发射标记	Global Launch Flag	low	震荡光弹字段 launch_global 受天赋修正，说明描述远距离寻找最近英雄，标记细节未明。
skywrath_mage_concussive_shot.shot_vision	光弹视野范围	Shot Vision Range	medium	震荡光弹说明光弹会击中远处英雄，字段 shot_vision 带范围加成标记。
slardar_amplify_damage.has_self_buff	自身增益参数	Has-self-buff parameter	low	“伤害加深”字段只标出是否有自身增益，具体增益未说明。
slardar_slithereen_crush.shard_bonus_radius	魔晶额外半径	Shard bonus radius	medium	“鱼人碎击”字段明确魔晶额外半径。
slark_dark_pact.pulse_duration	脉冲持续时间	Pulse duration	medium	“暗黑契约”字段明确脉冲持续时间。
slark_essence_shift.max_stacks_per_hero	每名英雄叠层上限	Maximum Stacks per Hero	medium	能量转移说明斯拉克吸取敌方英雄属性，字段 max_stacks_per_hero 表示每名英雄叠层上限。
slark_pounce.pounce_acceleration	突袭加速度	Pounce acceleration	medium	“突袭”字段明确加速度。
slark_pounce.pounce_damage	突袭伤害值	Pounce damage	medium	“突袭”字段明确伤害值。
slark_pounce.pounce_radius	突袭半径	Pounce radius	medium	“突袭”字段明确半径。
slark_saltwater_shiv.agi_bonus_damage_factor	敏捷额外伤害系数	Agility bonus-damage factor	low	“海浪短刀”字段明确敏捷与额外伤害的系数关系。
slark_saltwater_shiv.melee_range_buffer	近战距离缓冲值	Melee range buffer	low	“海浪短刀”字段明确近战距离缓冲值，具体用途未说明。
slark_shadow_dance.activation_delay	激活延迟	Activation Delay	low	暗影之舞说明未处于敌方视野时获得效果，字段 activation_delay 表示效果激活延迟。
snapfire_buckshot.split_shot	分裂射击标记	Split Shot Flag	low	铅弹说明普通攻击伤害增加，字段 split_shot 与分裂射击天赋参数相邻，具体机制不明。
snapfire_buckshot.split_shot_damage_pct	分裂射击伤害比例	Split Shot Damage Percentage	low	铅弹字段 split_shot_damage_pct 与 split_shot 标记并列，技能说明未描述分裂射击伤害。
snapfire_firesnap_cookie.landing_gesture_duration	落地动作持续时间	Landing gesture duration	medium	“龙炎饼干”字段明确落地动作持续时间。
snapfire_firesnap_cookie.pre_hop_duration	起跳前持续时间	Pre-hop duration	medium	“龙炎饼干”字段明确起跳前持续时间。
snapfire_firesnap_cookie.pre_land_anim_time	落地前动画时间	Pre-landing animation time	medium	“龙炎饼干”字段明确落地前动画时间。
snapfire_firesnap_cookie.self_cast_delay	自身施法延迟	Self-cast delay	low	“龙炎饼干”字段明确自身施法延迟，具体操作未展开。
snapfire_lil_shredder.buff_duration_tooltip	增益持续时间提示值	Buff-duration tooltip value	low	“小不点火炮”字段标注增益持续时间提示值，未确认提示与实际值的关系。
snapfire_lil_shredder.extra_targets	额外目标数量	Extra target count	low	“小不点火炮”字段明确额外目标数量，触发条件未说明。
snapfire_mortimer_kisses.burn_linger_duration	烧灼残留持续时间	Burn Linger Duration	medium	蜥蜴绝吻说明火团会留下燃烧区域，字段 burn_linger_duration 表示烧灼残留时间。
snapfire_mortimer_kisses.delay_after_last_projectile	最后一枚弹道后的延迟	Delay after Last Projectile	low	蜥蜴绝吻字段 delay_after_last_projectile 表示最后一枚弹道之后的延迟。
snapfire_mortimer_kisses.dist_change_speed	距离变化速度	Distance Change Speed	low	蜥蜴绝吻字段 dist_change_speed 与火团飞行参数相邻，技能说明未明确所指距离变化。
snapfire_mortimer_kisses.has_bonus_projectile	额外弹道标记	Bonus Projectile Flag	low	蜥蜴绝吻字段 has_bonus_projectile 受天赋修正，说明未展开额外弹道效果。
snapfire_mortimer_kisses.projectile_vision	弹道视野范围	Projectile Vision Range	medium	蜥蜴绝吻字段 projectile_vision 带范围加成标记，与火团弹道对应。
snapfire_scatterblast.blast_speed	爆轰速度	Blast speed	medium	“散弹”字段明确爆轰速度。
snapfire_scatterblast.blast_width_end	爆轰结束宽度	Blast end width	medium	“散弹”字段明确爆轰结束宽度。
snapfire_scatterblast.blast_width_initial	爆轰起始宽度	Blast initial width	medium	“散弹”字段明确爆轰起始宽度。
snapfire_scatterblast.bonus_applies_at_long_range	远距离生效参数	Bonus-applies-at-long-range parameter	low	“散弹”字段只表示远距离 bonus 生效设定，效果对象未知。
snapfire_scatterblast.shard_bonus_point_blank_dmg_pct	魔晶近距离额外伤害比例	Shard point-blank bonus damage percentage	medium	“散弹”字段明确魔晶近距离额外伤害比例。
snapfire_scatterblast.shard_knockback_distance	魔晶击退距离	Shard knockback distance	medium	“散弹”字段明确魔晶击退距离。
snapfire_scatterblast.shard_knockback_duration	魔晶击退持续时间	Shard knockback duration	medium	“散弹”字段明确魔晶击退持续时间。
snapfire_scatterblast.shard_stun_duration	魔晶眩晕持续时间	Shard stun duration	medium	“散弹”字段明确魔晶眩晕持续时间。
snapfire_spit_creep.burn_damage	灼烧伤害值	Burn damage	medium	“喷吐”字段明确灼烧伤害值。
snapfire_spit_creep.burn_ground_duration	地面灼烧持续时间	Ground burn duration	medium	“喷吐”字段明确地面灼烧持续时间。
snapfire_spit_creep.burn_linger_duration	灼烧残留持续时间	Burn linger duration	medium	“喷吐”字段明确灼烧残留持续时间。
snapfire_spit_creep.max_acceleration	最大加速度	Maximum acceleration	low	“喷吐”字段明确最大加速度，作用对象未说明。
snapfire_spit_creep.max_lob_travel_time	抛射最长飞行时间	Maximum lob travel time	medium	“喷吐”字段明确抛射最长飞行时间。
snapfire_spit_creep.min_acceleration	最小加速度	Minimum acceleration	low	“喷吐”字段明确最小加速度，作用对象未说明。
snapfire_spit_creep.min_lob_travel_time	抛射最短飞行时间	Minimum lob travel time	medium	“喷吐”字段明确抛射最短飞行时间。
snapfire_spit_creep.move_slow_pct	移动减速比例	Movement slow percentage	medium	“喷吐”字段明确移动减速比例。
snapfire_spit_creep.projectile_vision	投射物视野	Projectile vision	medium	“喷吐”字段明确投射物视野。
sniper_assassinate.attack_factor	攻击伤害系数	Attack Damage Factor	low	暗杀字段 attack_factor 为 0，说明未解释攻击伤害系数。
sniper_assassinate.attack_factor_tooltip	攻击伤害系数提示值	Attack Damage Factor Tooltip	low	暗杀字段 attack_factor_tooltip 是攻击伤害比例提示值，技能说明提到攻击伤害加额外伤害。
sniper_assassinate.cooldown_reduction_on_kill	击杀后冷却减少	Cooldown Reduction on Kill	medium	暗杀说明锁定敌人并发射子弹，字段 cooldown_reduction_on_kill 表示击杀后的冷却减少。
sniper_assassinate.scatter_damage_pct	散射伤害比例	Scatter Damage Percentage	low	暗杀字段 scatter_damage_pct 受碎片修正，说明未描述散射伤害规则。
sniper_assassinate.scatter_range	散射距离	Scatter Range	low	暗杀字段 scatter_range 受碎片修正，说明未描述散射行为。
sniper_assassinate.scatter_width	散射宽度	Scatter Width	low	暗杀字段 scatter_width 受碎片修正，说明未描述散射行为。
sniper_assassinate.scepter_crit	神杖暴击参数	Scepter Critical Strike Parameter	low	暗杀字段 scepter_crit 受神杖修正，技能说明未展开暴击机制。
sniper_concussive_grenade.self_push	自身击退参数	Self-push parameter	low	“震荡手雷”字段只标记自身击退参数，具体位移方式未说明。
sniper_shrapnel.fast_tick	快速间隔参数	Fast-tick parameter	low	“榴霰弹”字段只标记 fast_tick，无法确认是间隔或速率开关。
sniper_take_aim.does_root	施加缠绕参数	Does-root parameter	low	“瞄准”字段只标记 does_root，是否为施加缠绕开关未确认。
sniper_take_aim.require_target	需要目标参数	Require-target parameter	low	“瞄准”字段只标记 require_target，具体操作语境未说明。
sniper_take_aim.view_restrict	视野限制参数	Vision-restriction parameter	low	“瞄准”字段只标记视野限制参数，具体限制方式未说明。
special_bonus_20_bash_2.value2	重击加成比例	Bash bonus percentage	medium	天赋文本显示“+%value2% Bash”，结合字段 value2 命名为重击加成比例。
special_bonus_mana_break_15.burn_illusions_melee	近战幻象法力损毁	Melee Illusion Mana Break	low	法力损毁天赋字段 burn_illusions_melee 表示近战幻象的法力损毁值。
special_bonus_mana_break_15.burn_illusions_ranged	远程幻象法力损毁	Ranged Illusion Mana Break	low	法力损毁天赋字段 burn_illusions_ranged 表示远程幻象的法力损毁值。
special_bonus_mana_break_20.burn_illusions_melee	近战幻象法力燃烧值	Melee illusion mana burn value	medium	“法力损毁”天赋字段将幻象法力燃烧区分为近战类型。
special_bonus_mana_break_20.burn_illusions_ranged	远程幻象法力燃烧值	Ranged illusion mana burn value	medium	“法力损毁”天赋字段将幻象法力燃烧区分为远程类型。
special_bonus_mana_break_25.burn_illusions_melee	近战幻象法力损毁	Melee Illusion Mana Break	low	法力损毁天赋字段 burn_illusions_melee 表示近战幻象的法力损毁值。
special_bonus_mana_break_25.burn_illusions_ranged	远程幻象法力损毁	Ranged Illusion Mana Break	low	法力损毁天赋字段 burn_illusions_ranged 表示远程幻象的法力损毁值。
special_bonus_mana_break_35.burn_illusions_melee	近战幻象法力燃烧值	Melee illusion mana burn value	medium	“法力损毁”天赋字段将幻象法力燃烧区分为近战类型。
special_bonus_mana_break_35.burn_illusions_ranged	远程幻象法力燃烧值	Ranged illusion mana burn value	medium	“法力损毁”天赋字段将幻象法力燃烧区分为远程类型。
special_bonus_mana_break_40.burn_illusions_melee	近战幻象法力燃烧值	Melee illusion mana burn value	medium	“法力损毁”天赋字段将幻象法力燃烧区分为近战类型。
special_bonus_mana_break_40.burn_illusions_ranged	远程幻象法力燃烧值	Ranged illusion mana burn value	medium	“法力损毁”天赋字段将幻象法力燃烧区分为远程类型。
special_bonus_unique_beastmaster_5.bonus_ms	兽王及召唤物移动速度加成	Beastmaster and Summons Move Speed Bonus	medium	兽王天赋原文明确写出兽王及其召唤物获得全地图移动速度光环，字段 bonus_ms 对应该数值。
spectre_desolate.illusion_damage_outgoing	幻象造成伤害比例	Illusion outgoing damage percentage	medium	“荒芜”字段明确幻象造成伤害比例，描述未展开比例基准。
spectre_haunt.attack_delay	攻击延迟	Attack delay	low	“鬼影重重”字段只说明攻击延迟，未解释触发时机。
spectre_haunt.destroy_if_target_is_dead	目标死亡时摧毁标记	Destroy if target is dead flag	medium	“鬼影重重”字段明确目标死亡时是否摧毁。
spectre_haunt.illusion_damage_incoming	幻象承受伤害比例	Illusion incoming damage percentage	medium	“鬼影重重”字段明确幻象承受伤害。
spectre_haunt.illusion_damage_outgoing	幻象造成伤害比例	Illusion outgoing damage percentage	medium	“鬼影重重”字段明确幻象造成伤害。
spectre_reality.cast_dagger_on_target	对目标施放暗影之刃	Cast Dagger on Target	low	空降字段 cast_dagger_on_target 受碎片修正，技能说明仅描述占据并摧毁幻象。
spectre_reality.may_target_shadow_step	可选为如影随形目标	May Target Shadow Step	medium	空降说明可占据如影随形或鬼影重重幻象，字段 may_target_shadow_step 对应如影随形目标开关。
spectre_reality.travel_time	移动时间	Travel Time	low	空降字段 travel_time 表示移动时间，说明未描述具体移动过程。
spectre_shadow_step.bonus_move_speed_illusion_pct	幻象移动速度加成比例	Illusion movement-speed bonus percentage	medium	“暗影步”字段明确幻象移动速度加成比例。
spectre_shadow_step.illusion_damage_incoming	幻象承受伤害比例	Illusion incoming damage percentage	medium	“暗影步”字段明确幻象承受伤害比例。
spectre_spectral_dagger.applies_desolate	施加荒芜效果参数	Apply Desolate parameter	low	“幽鬼之刃”字段标出是否施加荒芜效果，但开关语义尚待核实。
spectre_spectral_dagger.buff_persistence	增益保留参数	Buff-persistence parameter	low	“幽鬼之刃”字段标出 buff_persistence，保留参数含义而不推定持续规则。
spectre_spectral_dagger.dagger_path_duration	匕首路径持续时间	Dagger path duration	medium	“幽鬼之刃”字段明确匕首路径持续时间。
spectre_spectral_dagger.dagger_radius	匕首半径	Dagger radius	medium	“幽鬼之刃”字段明确匕首半径。
spectre_spectral_dagger.path_radius	路径半径	Path radius	medium	“幽鬼之刃”字段明确路径半径。
spirit_breaker_bulldoze.damage_barrier	伤害护盾参数	Damage Barrier Parameter	low	威吓字段 damage_barrier 受护盾天赋修正，技能说明未解释伤害护盾的形式。
spirit_breaker_charge_of_darkness.bash_radius	重击半径	Bash radius	medium	“暗影冲刺”字段明确重击半径。
spirit_breaker_charge_of_darkness.guaranteed_bash_time	保证重击时间	Guaranteed bash time	low	“暗影冲刺”字段说明 guaranteed bash 的时间，具体触发条件未给出。
spirit_breaker_charge_of_darkness.out_of_world_time	离开世界状态持续时间	Out-of-world duration	low	“暗影冲刺”字段明确 out-of-world 状态时长，状态机制未说明。
spirit_breaker_charge_of_darkness.reveal_charge	显形冲刺目标参数	Reveal charge parameter	low	“暗影冲刺”字段涉及显形与冲刺，字段值语义不明，采用中性名称。
spirit_breaker_empowering_haste.bonus_movespeed_pct_allies	友军移动速度加成比例	Ally Move Speed Bonus Percentage	low	裂魂人天生技能字段明确标注友军移动速度加成，技能说明缺失。
spirit_breaker_empowering_haste.bonus_movespeed_pct_extra	额外移动速度加成比例	Extra Move Speed Bonus Percentage	low	裂魂人天生技能字段 bonus_movespeed_pct_extra 表示额外移动速度加成，具体适用对象不明。
spirit_breaker_empowering_haste.bonus_movespeed_pct_self	自身移动速度加成比例	Self Move Speed Bonus Percentage	low	裂魂人天生技能字段明确标注自身移动速度加成，技能说明缺失。
spirit_breaker_greater_bash.bonus_knockback_multiplier	额外击退倍率	Bonus Knockback Multiplier	low	巨力重击字段 bonus_knockback_multiplier 受神杖修正，技能说明描述击退但未说明此倍率用途。
spirit_breaker_greater_bash.bonus_movespeed_pct	额外移动速度加成比例	Bonus Move Speed Percentage	medium	巨力重击字段 bonus_movespeed_pct 与 movespeed_duration 并列，表示额外移动速度比例。
spirit_breaker_greater_bash.cascading_bash_cooldown	连锁重击冷却	Cascading Bash Cooldown	low	巨力重击字段 cascading_bash_cooldown 受神杖修正，技能说明未展开连锁重击机制。
spirit_breaker_greater_bash.cascading_bashes_creep_hitbox	非英雄连锁重击判定范围	Creep Cascading Bash Hitbox	low	巨力重击字段 cascading_bashes_creep_hitbox 受神杖修正，技能说明未解释判定范围细节。
spirit_breaker_greater_bash.cascading_bashes_hero_hitbox	英雄连锁重击判定范围	Hero Cascading Bash Hitbox	low	巨力重击字段 cascading_bashes_hero_hitbox 受神杖修正，技能说明未解释判定范围细节。
spirit_breaker_greater_bash.cascading_bashes_nether_strike_additional_cooldown	幽冥一击连锁重击额外冷却	Nether Strike Cascading Bash Additional Cooldown	low	巨力重击字段名与神杖修正明确指向幽冥一击连锁重击的额外冷却。
spirit_breaker_greater_bash.movespeed_duration	移动速度加成持续时间	Move Speed Bonus Duration	medium	巨力重击字段 movespeed_duration 表示移动速度加成持续时间。
spirit_breaker_knockback_amp.knockback_amp	击退增强参数	Knockback amplification parameter	low	击退增强字段只表明击退 amp 参数，增强方式未说明。
spirit_breaker_nether_strike.shard_bonus_damage	魔晶额外伤害	Shard bonus damage	medium	“幽冥一击”字段明确魔晶额外伤害。
spirit_breaker_nether_strike.shard_break_duration	魔晶破坏持续时间	Shard break duration	low	“幽冥一击”字段明确魔晶 break 持续时间，破坏对象或含义未说明。
spirit_breaker_nether_strike.shard_spell_immune_duration	魔晶技能免疫持续时间	Shard spell-immunity duration	medium	“幽冥一击”字段明确魔晶相关技能免疫持续时间。
storm_spirit_ball_lightning.auto_remnant_interval	自动残影间隔	Automatic Remnant interval	low	“球状闪电”字段明确自动残影间隔，具体机制未知。
storm_spirit_ball_lightning.ball_lightning_vision_radius	球状闪电视野半径	Ball Lightning vision radius	medium	“球状闪电”字段明确视野半径。
storm_spirit_ball_lightning.blocker_duration	阻挡持续时间	Blocker duration	low	“球状闪电”字段明确 blocker 持续时间，阻挡对象未说明。
storm_spirit_ball_lightning.scepter_remnant_interval	神杖残影间隔	Scepter Remnant interval	low	“球状闪电”字段明确神杖相关残影间隔，具体触发方式未知。
storm_spirit_electric_vortex.electric_vortex_pull_tether_range	电子涡流牵引束缚距离	Electric Vortex pull-tether range	low	“电子涡流”字段明确牵引 tether 距离，未说明其计算方式。
storm_spirit_electric_vortex.electric_vortex_self_slow	电子涡流自身减速值	Electric Vortex self-slow value	medium	“电子涡流”字段明确自身减速值。
storm_spirit_electric_vortex.electric_vortex_self_slow_duration	电子涡流自身减速持续时间	Electric Vortex self-slow duration	medium	“电子涡流”字段明确自身减速持续时间。
storm_spirit_overload.overload_bounces	过载弹跳次数	Overload bounce count	low	“过载”字段明确弹跳次数，弹跳对象未说明。
storm_spirit_overload.overload_cast_range	过载施法距离	Overload cast range	low	“过载”字段明确施法距离，具体施法目标未说明。
storm_spirit_overload.overload_damage_pct	过载伤害比例	Overload damage percentage	medium	“过载”字段明确伤害比例。
storm_spirit_static_remnant.is_point_targeted	点目标施放标记	Is point-targeted flag	low	“残影”字段只标记 point-targeted 属性，具体施法方式未核实。
storm_spirit_static_remnant.static_remnant_vision_radius_night	残影夜间视野半径	Static Remnant night vision radius	medium	“残影”字段明确夜间视野半径。
sven_great_cleave.strength_bonus	力量加成	Strength Bonus	low	巨力挥舞字段 strength_bonus 为 00，技能说明未描述力量加成，保留字段的中性含义。
sven_storm_bolt.bonus_damage_pct	额外伤害比例	Bonus Damage Percentage	medium	风暴之拳字段 bonus_damage_pct 受天赋增加，技能说明描述造成伤害。
sven_warcry.barrier_per_strength	每点力量对应屏障值	Barrier per strength point	low	“战吼”字段明确屏障与力量的对应关系，未说明计算细节。
sven_warcry.shard_passive_movespeed	魔晶被动移动速度	Shard passive movement speed	medium	“战吼”字段明确魔晶被动移动速度。
techies_land_mines.cast_range_scepter_bonus	神杖施法距离加成	Scepter cast-range bonus	medium	“感应地雷”字段明确神杖施法距离加成。
techies_remote_mines.detonate_delay	引爆延迟	Detonation Delay	medium	遥控炸弹说明引爆前有短暂延迟，字段 detonate_delay 对应引爆延迟。
techies_remote_mines.max_mines	炸弹数量上限	Maximum Mines	medium	遥控炸弹字段 max_mines 表示炸弹数量上限。
techies_remote_mines.radius_scepter	神杖爆炸范围	Scepter Explosion Radius	medium	遥控炸弹字段 radius_scepter 受神杖修正，表示神杖爆炸范围。
techies_stasis_trap.explode_delay	爆炸延迟	Explosion delay	medium	“静滞陷阱”字段明确爆炸延迟。
techies_sticky_bomb.max_chase_time	最大追逐时间	Maximum chase time	medium	“粘性炸弹”字段明确最大追逐时间。
techies_sticky_bomb.pre_chase_time	追逐前时间	Pre-chase time	low	“粘性炸弹”字段明确追逐开始前的时间，起算事件未说明。
templar_assassin_inner_peace.max_attack_range	攻击距离上限	Maximum attack range	medium	“心怀安宁”字段明确最大攻击距离。
templar_assassin_psi_blades.attack_spill_width	攻击溅射宽度	Attack spill width	medium	“灵能之刃”字段明确攻击溅射宽度。
templar_assassin_psi_blades.meld_strike_spills	隐匿打击溅射值	Meld strike spill value	low	“灵能之刃”字段明确 meld strike 溅射值，数值语义未进一步说明。
templar_assassin_psi_blades.spill_slow_duration	溅射减速持续时间	Spill slow duration	medium	“灵能之刃”字段明确溅射减速持续时间。
templar_assassin_psionic_trap.bonus_vision	额外视野	Bonus Vision	low	灵能陷阱字段 bonus_vision 受神杖修正，具体视野目标未在说明中解释。
templar_assassin_psionic_trap.extra_damage	额外伤害	Extra Damage	low	灵能陷阱字段 extra_damage 表示额外伤害，具体来源与目标不明。
templar_assassin_psionic_trap.instant_trap_damage	即时陷阱伤害	Instant Trap Damage	low	灵能陷阱字段 instant_trap_damage 表示即时伤害参数，说明未展开触发方式。
templar_assassin_psionic_trap.trap_duration	陷阱持续时间	Trap Duration	medium	灵能陷阱字段 trap_duration 表示陷阱持续时间。
templar_assassin_refraction.bonus_damage_per_instance_burn	每次消耗增益的额外伤害	Bonus damage per instance burn	low	“折光”字段明确每次 instance burn 对应额外伤害，burn 的具体含义未说明。
templar_assassin_refraction.cast_while_disabled	被禁用时可施放参数	Cast-while-disabled parameter	low	“折光”字段标记被禁用时施放参数，具体禁用状态未说明。
templar_assassin_refraction.dispels	驱散参数	Dispels parameter	low	“折光”字段只标记 dispels，驱散对象和具体含义未说明。
terrorblade_conjure_image.appear_as_illusion	显示为幻象标记	Appear as illusion flag	medium	“惑幻”字段标明是否呈现为幻象。
terrorblade_conjure_image.illusions_spawn_with_full_hp	幻象生成时拥有满生命值标记	Illusions spawn with full health flag	medium	“惑幻”字段标明幻象生成时是否拥有满生命值。
terrorblade_conjure_image.show_particle_effect	显示粒子效果标记	Show particle effect flag	medium	“惑幻”字段标明是否显示粒子效果。
terrorblade_conjure_image.strong_illusion	强幻象标记	Strong illusion flag	medium	“惑幻”字段标明是否为强幻象。
terrorblade_dark_unity.outside_radius_bonus_damage_pct	范围外额外伤害比例	Outside-radius bonus damage percentage	medium	“黑暗统一”字段明确半径外额外伤害比例。
terrorblade_demon_zeal.reflection_pct	倒影比例	Reflection Percentage	low	狂魔说明明确排除倒影的部分效果，字段 reflection_pct 为 0，具体比例用途不明。
terrorblade_metamorphosis.bonus_range	额外距离	Bonus range	low	“魔化”字段仅说明额外 range，未明确为攻击距离或作用范围。
terrorblade_metamorphosis.speed_loss	速度损失值	Speed loss value	low	“魔化”字段仅说明速度损失值，未指明速度类型。
terrorblade_reflection.is_global	全地图生效标记	Global Effect Flag	low	倒影说明会映出目标区域敌方英雄，字段 is_global 为开关，具体全局生效范围未说明。
terrorblade_reflection.requires_vision	需要视野标记	Requires Vision Flag	low	倒影字段 requires_vision 为开关，技能说明未描述目标视野要求。
terrorblade_sunder.ignore_minimum_pct_for_enemies	忽略敌方最低比例参数	Ignore minimum percentage for enemies parameter	low	“魂断”字段只标记对敌方忽略最低比例的参数，参照量未说明。
terrorblade_sunder.ignore_minimum_pct_for_enemies_tooltip	忽略敌方最低比例提示值	Ignore enemy minimum percentage tooltip value	low	“魂断”字段为 tooltip 参数，参照量未说明。
terrorblade_terror_wave.scepter_spawn_delay	神杖生成延迟	Scepter spawn delay	low	“怵潮”字段只说明神杖相关生成延迟，生成对象未明。
terrorblade_terror_wave.scepter_speed	神杖速度	Scepter speed	low	“怵潮”字段只说明神杖相关速度，未指明对象。
tidehunter_anchor_smash.building_pct_damage	对建筑伤害比例	Building Damage Percentage	medium	锚击字段 building_pct_damage 受天赋加值，表示对建筑造成的伤害比例。
tidehunter_anchor_smash.smash_on_attack	攻击时触发锚击	Smash on Attack	low	锚击字段 smash_on_attack 受天赋修正，技能说明未解释额外触发条件。
tidehunter_anchor_smash.targets_buildings	可选中建筑	Targets Buildings	medium	锚击说明攻击附近敌人，字段 targets_buildings 由天赋开启，表示是否作用于建筑。
tidehunter_arm_of_the_deep.duration_pct	持续时间比例	Duration percentage	low	“深海之臂”字段明确持续时间比例，技能说明缺失。
tidehunter_arm_of_the_deep.range_pct	距离比例	Range percentage	low	“深海之臂”字段明确距离比例，作用对象未说明。
tidehunter_blubber.smash_on_purge	净化时触发粉碎标记	Smash on purge flag	low	“鲸脂”字段明确净化时 smash 参数，机制细节未知。
tidehunter_gush.speed_scepter	神杖速度	Scepter speed	low	“巨浪”字段只说明神杖相关速度，未指明对象。
tidehunter_kraken_shell.active_pct_effectiveness	主动效果比例	Active Effect Percentage	low	海妖外壳字段 active_pct_effectiveness 与主动持续时间和移速惩罚并列，具体效果未说明。
tidehunter_kraken_shell.smash_on_purge	驱散时触发粉碎	Smash on Purge	low	海妖外壳字段 smash_on_purge 受天赋修正，技能说明未解释驱散触发效果。
tidehunter_leviathans_catch.anchor_smash_radius	锚击半径	Anchor Smash radius	medium	“利维坦之钩”字段明确锚击半径。
tidehunter_leviathans_catch.fish_duration	鱼类持续时间	Fish duration	low	“利维坦之钩”字段明确 fish 持续时间，具体对象未知。
tidehunter_leviathans_catch.fish_model_scale	鱼类模型缩放	Fish model scale	low	“利维坦之钩”字段明确 fish 模型缩放，具体对象未知。
tidehunter_leviathans_catch.fish_strength_gain	鱼类力量增益	Fish strength gain	low	“利维坦之钩”字段明确 fish 的力量增益，具体对象未知。
tidehunter_leviathans_catch.health_bar_offset_base	生命条基础偏移量	Health-bar base offset	low	“利维坦之钩”字段明确生命条基础偏移量。
tidehunter_leviathans_catch.health_bar_offset_per_level	每级生命条偏移量	Health-bar offset per level	low	“利维坦之钩”字段明确每级对应的生命条偏移量。
tidehunter_leviathans_catch.max_fish_spawn_distance	鱼类最大生成距离	Maximum fish spawn distance	low	“利维坦之钩”字段明确 fish 最大生成距离，具体对象未知。
tinker_defense_matrix.flicker_angle	闪烁角度	Flicker angle	low	“防御矩阵”字段只标明 flicker 角度，具体效果未解释。
tinker_deploy_turrets.drop_count	投放次数	Drop count	medium	“部署炮塔”字段明确投放次数。
tinker_deploy_turrets.drop_interval	投放间隔	Drop interval	medium	“部署炮塔”字段明确投放间隔。
tinker_deploy_turrets.drop_knockback_duration	投放击退持续时间	Drop knockback duration	medium	“部署炮塔”字段明确投放时击退持续时间。
tinker_deploy_turrets.drop_knockback_duration_tinker	修补匠投放击退持续时间	Tinker drop knockback duration	medium	“部署炮塔”字段明确修补匠对应的投放击退持续时间。
tinker_deploy_turrets.drop_spread_pct	投放散开比例	Drop spread percentage	low	“部署炮塔”字段明确投放 spread 比例，具体空间含义未说明。
tinker_deploy_turrets.extra_turrets_per_drop	每次投放的额外炮塔数	Extra turrets per drop	medium	“部署炮塔”字段明确每次投放额外炮塔数量。
tinker_deploy_turrets.missile_width	飞弹宽度	Missile width	medium	“部署炮塔”字段明确飞弹宽度。
tinker_deploy_turrets.turret_placement_radius	炮塔放置半径	Turret placement radius	medium	“部署炮塔”字段明确炮塔放置半径。
tinker_deploy_turrets.turrets_per_drop	每次投放的炮塔数	Turrets per drop	medium	“部署炮塔”字段明确每次投放的炮塔数量。
tinker_heat_seeking_missile.radius_explosion	爆炸范围	Explosion Radius	low	修补匠字段 radius_explosion 表示爆炸范围，技能说明缺失。
tinker_heat_seeking_missile.targets	目标数量	Target Count	low	修补匠字段 targets 表示目标数量，技能说明缺失。
tinker_innate_keen_teleport_gold_on_death.gold_on_death	阵亡时金钱	Gold on Death	low	修补匠天生字段 gold_on_death 表示阵亡时金钱参数，技能说明缺失。
tinker_innate_keen_teleport_xp_on_death.xp_on_death	阵亡时经验	XP on Death	low	修补匠天生字段 xp_on_death 表示阵亡时经验参数，技能说明缺失。
tinker_keen_teleport.additional_starting_cooldown	额外初始冷却	Additional Starting Cooldown	low	基恩载具字段 additional_starting_cooldown 表示额外初始冷却，技能说明缺失此规则。
tinker_keen_teleport.creep_teleport_level	可传送至非英雄单位的等级	Level to Teleport to Creeps	medium	基恩载具说明二级可传送至友方单位，字段 creep_teleport_level 标注对应等级。
tinker_keen_teleport.hero_teleport_level	可传送至英雄的等级	Level to Teleport to Heroes	medium	基恩载具说明三级可传送至友方英雄，字段 hero_teleport_level 标注对应等级。
tinker_keen_teleport.jungle_outpost_channel_time	野区前哨持续施法时间	Jungle Outpost Channel Time	low	基恩载具字段 jungle_outpost_channel_time 受天赋修正，技能说明未说明野区前哨规则。
tinker_keen_teleport.maximum_distance	最长传送距离	Maximum Teleport Distance	low	基恩载具字段 maximum_distance 表示传送距离上限，技能说明未展开限制用途。
tinker_keen_teleport.minimun_distance	最短传送距离	Minimum Teleport Distance	low	基恩载具说明传送至友方目标，字段 minimun_distance 与 maximum_distance 并列，表示距离下限。
tinker_keen_teleport.outpost_channel_time	前哨持续施法时间	Outpost Channel Time	low	基恩载具字段 outpost_channel_time 受天赋修正，技能说明未说明前哨场景。
tinker_laser.scepter_bonus_cast_range	神杖额外施法距离	Scepter bonus cast range	medium	“激光”字段明确神杖施法距离加成。
tinker_laser.scepter_bounce_radius	神杖弹跳半径	Scepter bounce radius	medium	“激光”字段明确神杖弹跳半径。
tinker_laser.scepter_reduction_pierces_debuff_immunity	神杖削减穿透负面效果免疫参数	Scepter reduction pierces debuff-immunity parameter	low	“激光”字段只标明削减与免疫穿透的关系，具体机制未展开。
tinker_march_of_the_machines.collision_radius	碰撞半径	Collision radius	medium	“机器人的进军”字段明确碰撞半径。
tinker_rearm.affects_items	影响物品参数	Affects items parameter	low	“再装填”字段只说明 affects_items，是否为开关或数值待核实。
tinker_rearm.armor_duration	护甲持续时间	Armor duration	low	“再装填”字段仅说明护甲持续时间，效果来源未明。
tinker_shrink_ray.health_reduction	生命值削减值	Health reduction value	low	“缩小射线”字段明确生命值削减值，具体效果未说明。
tinker_shrink_ray.radius_explosion	爆炸半径	Explosion radius	medium	“缩小射线”字段明确爆炸半径。
tinker_shrink_ray.scale_reduction	缩放削减值	Scale reduction value	low	“缩小射线”字段明确缩放削减值，作用对象未说明。
tinker_shrink_ray.slow	减速值	Slow value	low	“缩小射线”字段只提供减速值，未说明单位或作用对象。
tinker_warp_grenade.warp_distance_factor	折跃距离系数	Warp distance factor	medium	“折跃耀光”字段明确折跃距离系数。
tiny_avalanche.tick_count	伤害跳数	Damage Tick Count	medium	山崩说明在短间隔内造成伤害和眩晕，字段 tick_count 表示跳数。
tiny_rocksteady.attack_speed_to_damage	攻击速度转伤害参数	Attack speed-to-damage parameter	low	先天技能字段表明攻击速度与伤害关联，具体换算形式不明。
tiny_rocksteady.max_attack_speed	最大攻击速度	Maximum attack speed	medium	先天技能字段明确最大攻击速度。
tiny_tree_grab.bat_increase	基础攻击间隔增加量	Base Attack Time Increase	low	抓树字段 bat_increase 与树攻击参数并列，技能说明未解释其攻击间隔用途。
tiny_tree_grab.speed_reduction	速度降低参数	Speed Reduction Parameter	low	抓树字段 speed_reduction 为 0，技能说明未说明速度变化对象与方向。
tiny_tree_grab.splash_range	溅射范围	Splash Range	medium	抓树字段 splash_range 带范围加成标记，表示溅射范围。
tiny_tree_grab.splash_width	溅射宽度	Splash Width	medium	抓树说明攻击获得溅射效果，字段 splash_width 表示溅射宽度。
treant_eyes_in_the_forest.hits_to_kill	击杀所需命中次数	Hits to kill	medium	“森林之眼”字段明确击杀所需命中次数。
treant_eyes_in_the_forest.max_eyes	森林之眼数量上限	Maximum number of Eyes in the Forest	medium	“森林之眼”字段明确森林之眼数量上限。
treant_innate_attack_damage.attack_damage_per_level	每级攻击伤害	Attack damage per level	medium	树精先天技能字段明确每级攻击伤害。
treant_leech_seed.flat_heal	固定治疗值	Flat heal	medium	“寄生种子”字段明确固定治疗值。
treant_natures_grasp.creation_interval	生成间隔	Creation interval	low	“自然之握”字段明确生成间隔，生成对象未由字段名指出。
treant_natures_grasp.initial_latch_delay	初始附着延迟	Initial latch delay	medium	“自然之握”字段明确 latch 前的初始延迟。
treant_natures_grasp.latch_range	附着距离	Latch range	medium	“自然之握”字段明确附着距离。
treant_natures_grasp.latch_vision	附着视野参数	Latch vision parameter	low	“自然之握”字段明确 latch 视野参数，视野类型未说明。
treant_natures_grasp.vine_spawn_interval	藤蔓生成间隔	Vine spawn interval	medium	“自然之握”字段明确藤蔓生成间隔。
treant_natures_guise.attack_damage_pct	攻击伤害比例	Attack damage percentage	low	“自然蔽护”字段明确攻击伤害比例，方向未说明。
treant_natures_guise.grace_time	宽限时间	Grace time	low	“自然蔽护”字段明确宽限时间，适用阶段未说明。
troll_warlord_battle_trance.ignore_attack_speed_limit	忽略攻击速度上限	Ignore Attack Speed Limit	medium	战斗专注说明持续攻击敌人，字段 ignore_attack_speed_limit 控制是否忽略攻击速度上限。
troll_warlord_berserkers_rage.bonus_range	额外攻击距离	Bonus Attack Range	medium	狂战士之怒说明近战形态额外移动速度，字段 bonus_range 表示攻击距离加成。
troll_warlord_fervor.stack_limit_during_battle_trance	战斗专注期间的层数上限	Stack limit during Battle Trance	medium	“热血战魂”字段明确战斗专注期间的层数上限。
troll_warlord_innate_masterful.bonus_range_pct	攻击距离加成比例	Attack Range Bonus Percentage	low	巨魔战将天生字段 bonus_range_pct 表示攻击距离加成比例，技能说明缺失。
troll_warlord_switch_stance.bonus_range	额外距离	Bonus range	low	“战斗姿态”字段明确额外 range，但未指明攻击距离或作用范围。
troll_warlord_whirling_axes_melee.axe_movement_speed	飞斧移动速度	Axe Movement Speed	medium	旋风飞斧（近战）说明掷出飞斧，字段 axe_movement_speed 表示飞斧速度。
troll_warlord_whirling_axes_ranged.axe_count	飞斧数量	Axe count	medium	“旋风飞斧（远程）”字段明确飞斧数量。
troll_warlord_whirling_axes_ranged.axe_speed	飞斧速度	Axe speed	medium	“旋风飞斧（远程）”字段明确飞斧速度。
troll_warlord_whirling_axes_ranged.axe_spread	飞斧散开范围	Axe spread	low	“旋风飞斧（远程）”字段明确飞斧 spread，未说明是角度或距离。
troll_warlord_whirling_axes_ranged.axe_width	飞斧宽度	Axe width	medium	“旋风飞斧（远程）”字段明确飞斧宽度。
tusk_drinking_buddies.alt_cast_castrange_pct	替代施法距离比例	Alternate Cast Range Percentage	low	酒友字段 alt_cast_castrange_pct 表示替代施法距离比例，技能说明未解释替代施法规则。
tusk_frozen_sigil.move_slow	移动减速值	Movement slow value	medium	“冰封符印”字段明确移动减速值，未标明单位。
tusk_frozen_sigil.sigil_duration	符印持续时间	Sigil duration	medium	“冰封符印”字段明确符印持续时间。
tusk_frozen_sigil.sigil_radius	符印半径	Sigil radius	medium	“冰封符印”字段明确符印半径。
tusk_ice_shards.shard_angle_step	冰刺角度间隔	Shard Angle Step	medium	寒冰碎片字段 shard_angle_step 与碎片数量及距离并列，表示角度间隔。
tusk_ice_shards.shard_count	冰刺数量	Shard Count	medium	寒冰碎片说明射出冰球并形成障碍，字段 shard_count 与冰刺几何参数并列。
tusk_ice_shards.shard_distance	冰刺距离	Shard Distance	medium	寒冰碎片字段 shard_distance 表示冰刺距离。
tusk_ice_shards.shard_speed	冰刺速度	Shard Speed	medium	寒冰碎片字段 shard_speed 表示碎片速度。
tusk_ice_shards.turn_rate_slow	转身速度减缓	Turn Rate Slow	low	寒冰碎片字段 turn_rate_slow 为 0，技能说明未提及转身速度效果。
tusk_snowball.snowball_duration	雪球持续时间	Snowball duration	medium	“雪球”字段明确雪球持续时间。
tusk_snowball.snowball_grow_rate	雪球增长速率	Snowball growth rate	low	“雪球”字段明确雪球增长速率，增长对象未说明。
tusk_snowball.snowball_radius	雪球半径	Snowball radius	medium	“雪球”字段明确雪球半径。
tusk_snowball.snowball_speed_bonus	雪球速度加成	Snowball speed bonus	medium	“雪球”字段明确速度加成。
tusk_snowball.snowball_windup_radius	雪球起手半径	Snowball wind-up radius	medium	“雪球”字段明确雪球起手半径。
tusk_walrus_kick.air_time	滞空时间	Air time	medium	“海象飞踢”字段明确腾空时间。
tusk_walrus_punch.proc_chance	触发概率	Proc chance	low	“海象神拳”字段只说明触发概率，未说明触发对象。
undying_ceaseless_dirge.respawn_delay	复活延迟	Respawn delay	medium	“挽歌犹唱”字段明确复活延迟。
undying_decay.shard_buff_duration	碎片增益持续时间	Shard Buff Duration	medium	腐朽字段 shard_buff_duration 表示碎片增益持续时间。
undying_decay.str_scale_up	力量缩放参数	Strength Scaling Parameter	low	腐朽字段 str_scale_up 表示力量缩放参数，技能说明描述力量窃取但未给出该参数用途。
undying_flesh_golem.spawn_zombie_on_attack	攻击时生成僵尸标记	Spawn zombie on attack flag	medium	“血肉傀儡”字段明确攻击时是否生成僵尸。
undying_flesh_golem.zombie_duration	僵尸持续时间	Zombie duration	medium	“血肉傀儡”字段明确僵尸持续时间。
undying_flesh_golem.zombie_spawn_padding	僵尸生成偏移值	Zombie spawn padding	low	“血肉傀儡”字段明确僵尸生成 padding，具体位置语义未说明。
undying_soul_rip.strength_share_model_scale	力量分享模型缩放	Strength Share Model Scale	low	噬魂字段 strength_share_model_scale 受命石修正，技能说明提到治疗但未解释模型缩放参数。
undying_tombstone.bunker_heal_pct	掩体治疗比例	Bunker healing percentage	low	“墓碑”字段明确 bunker_heal 比例，治疗对象未说明。
undying_tombstone.bunker_units	掩体单位数	Bunker unit count	low	“墓碑”字段只标记 bunker_units，具体单位语义未知。
undying_tombstone.health_threshold_pct_tooltip	生命值门槛提示比例	Health threshold tooltip percentage	low	“墓碑”字段明确生命值门槛提示比例，适用对象未说明。
undying_tombstone.tombstone_grab_radius	墓碑抓取半径	Tombstone grab radius	low	“墓碑”字段明确 grab 半径，抓取对象未由说明确认。
undying_tombstone.tombstone_health	墓碑生命值	Tombstone health	medium	“墓碑”字段明确墓碑生命值。
undying_tombstone.zombie_bonus_damage	僵尸额外伤害	Zombie bonus damage	medium	“墓碑”字段明确僵尸额外伤害。
undying_tombstone.zombie_damage_interval	僵尸伤害间隔	Zombie damage interval	medium	“墓碑”字段明确僵尸伤害间隔。
undying_tombstone.zombie_health	僵尸生命值	Zombie health	medium	“墓碑”字段明确僵尸生命值。
undying_tombstone_grab.grab_radius	抓取范围	Grab Radius	low	不朽尸王墓碑相关字段 grab_radius 表示抓取范围，技能说明缺失。
undying_tombstone_zombie_aura.zombie_interval	僵尸生成间隔	Zombie interval	low	墓碑僵尸光环字段明确 zombie 间隔，未说明是否为生成间隔。
ursa_earthshock.shard_enrage_duration	碎片狂怒持续时间	Shard Enrage Duration	low	震撼大地字段 shard_enrage_duration 受碎片修正，技能说明未说明狂怒持续效果。
ursa_fury_swipes.stun_stack_count	眩晕层数	Stun stack count	low	“怒意狂击”字段明确 stun 层数计数，触发规则未说明。
vengefulspirit_command_aura.revival_time	复活时间	Revival Time	low	复仇光环字段 revival_time 与复仇窗口及冷却参数并列，具体复活规则不明。
vengefulspirit_command_aura.scepter_illusion_damage_out_pct	神杖幻象输出伤害比例	Scepter Illusion Outgoing Damage Percentage	low	复仇光环字段 scepter_illusion_damage_out_pct 受神杖修正，表示幻象输出伤害比例。
vengefulspirit_command_aura.scepter_illusion_ms_bonus_pct	神杖幻象移动速度加成比例	Scepter Illusion Move Speed Bonus Percentage	low	复仇光环字段 scepter_illusion_ms_bonus_pct 受神杖修正，表示幻象移动速度加成比例。
vengefulspirit_magic_missile.magic_missile_speed	魔法箭速度	Magic Missile speed	medium	“魔法箭”字段明确投射物速度。
vengefulspirit_nether_swap.damage_reduction	伤害削减值	Damage reduction value	low	“移形换位”字段只说明伤害削减，未说明削减对象或方向。
vengefulspirit_wave_of_terror.steal_pct	窃取比例	Steal percentage	low	“恐怖波动”字段只说明窃取比例，窃取对象不明。
vengefulspirit_wave_of_terror.wave_speed	恐怖波动速度	Wave of Terror speed	medium	“恐怖波动”字段明确波动速度。
vengefulspirit_wave_of_terror.wave_width	恐怖波动宽度	Wave of Terror width	medium	“恐怖波动”字段明确波动宽度。
venomancer_latent_poison.duration_damage	持续伤害	Damage over Time	low	潜伏毒药字段 duration_damage 标注伤害提示计算，技能说明缺失，数值形式不明。
venomancer_latent_poison.explosion_stun_duration	爆炸眩晕持续时间	Explosion Stun Duration	low	潜伏毒药字段 explosion_stun_duration 表示爆炸眩晕持续时间，技能说明缺失。
venomancer_noxious_plague.debuff_time_transfer	负面状态时间转移比例	Debuff Time Transfer	low	恶性瘟疫字段 debuff_time_transfer 表示负面状态时间转移参数，具体转移规则未由说明确认。
venomancer_noxious_plague.impact_damage_reduce	命中伤害削减	Impact Damage Reduction	low	恶性瘟疫字段 impact_damage_reduce 受神杖标记控制，技能说明未明确伤害削减对象。
venomancer_plague_ward.can_target	可指定目标参数	Can-target parameter	low	“瘟疫守卫”字段只标出 can_target，未说明目标类型或开关形式。
venomancer_plague_ward.gold_bounty_pct	金币奖励比例	Gold bounty percentage	medium	“瘟疫守卫”字段明确金币奖励比例。
venomancer_plague_ward.ward_model_scale	守卫模型缩放	Ward model scale	medium	“瘟疫守卫”字段明确模型缩放。
venomancer_plague_ward.ward_multiplier	守卫倍率	Ward multiplier	low	“瘟疫守卫”字段明确倍率，但倍率对象未说明。
venomancer_poison_nova.magic_resist_reduce	魔法抗性削减值	Magic resistance reduction	medium	“剧毒新星”字段明确魔法抗性削减。
venomancer_poison_sting.hp_regen_reduction	生命恢复削减值	Health regeneration reduction	medium	“毒刺”字段明确生命恢复削减。
venomancer_sepsis.apply_from_ward_attacks	守卫攻击可施加效果	Apply from Ward Attacks	low	脓毒休克说明按目标负面状态数量增加攻击伤害，字段 apply_from_ward_attacks 受碎片修正，表示守卫攻击触发标记。
venomancer_venomous_gale.create_wards	生成守卫参数	Create wards parameter	low	“瘴气”字段只说明 create_wards，行为或开关含义未确认。
venomancer_venomous_gale.explosion_stun_duration	爆炸眩晕持续时间	Explosion stun duration	medium	“瘴气”字段明确爆炸眩晕持续时间。
venomancer_venomous_gale.ward_hp_dmg_pct	守卫生命伤害比例	Ward health damage percentage	low	“瘴气”字段组合 ward、hp 与 damage，具体关系不明，采用中性名称。
viper_nethertoxin.expand_interval	范围扩张间隔	Expansion Interval	medium	幽冥剧毒字段 expand_interval 受天赋修正，表示范围扩张间隔。
viper_nethertoxin.radius_increase	范围增加量	Radius Increase	medium	幽冥剧毒字段 radius_increase 受天赋修正，表示范围增加参数。
viper_nose_dive.dive_speed	俯冲速度	Dive speed	medium	“俯冲”字段明确俯冲速度。
viper_nose_dive.start_height	起始高度	Start height	low	“俯冲”字段明确起始高度，参照点未说明。
viper_poison_attack.accumulated_damage_explosion_pct	累积伤害爆发比例	Accumulated Damage Explosion Percentage	low	毒性攻击字段 accumulated_damage_explosion_pct 表示累积伤害爆发比例，说明未确认触发条件。
viper_poison_attack.bonus_range	额外攻击距离	Bonus Attack Range	low	毒性攻击字段 bonus_range 表示额外攻击距离，技能说明只描述攻击附带毒液效果。
visage_gravekeepers_cloak.minimum_damage_familiars	佣兽最低伤害值	Familiars minimum damage	low	“陵卫斗篷”字段明确佣兽最低伤害值，具体用途未说明。
visage_silent_as_the_grave.fly_timer	飞行计时值	Flight timer value	low	“寂静如墓”字段明确 fly_timer，具体时间用途未说明。
visage_silent_as_the_grave.invis	隐身参数	Invisibility parameter	low	“寂静如墓”字段只标记 invis，具体开关或持续参数不明。
visage_soul_assumption.gold_max_tooltip	金币上限提示值	Maximum gold tooltip value	low	“灵魂超度”字段明确金币上限提示值，来源说明缺失。
visage_summon_familiars.additional_target_search_radius	额外目标搜索范围	Additional Target Search Radius	low	召唤佣兽字段 additional_target_search_radius 带范围加成标记，表示额外搜索范围。
visage_summon_familiars.armor_reduction_duration	护甲降低持续时间	Armor Reduction Duration	medium	召唤佣兽字段 armor_reduction_duration 受天赋修正，表示护甲降低持续时间。
visage_summon_familiars.armor_reduction_per_hit	每次命中护甲降低量	Armor Reduction per Hit	medium	召唤佣兽字段 armor_reduction_per_hit 受天赋修正，佣兽攻击命中相关护甲降低。
visage_summon_familiars.attack_range_buffer	攻击距离缓冲	Attack Range Buffer	low	召唤佣兽字段 attack_range_buffer 与佣兽攻击距离相邻，具体缓冲规则不明。
visage_summon_familiars.back_distance	后方距离	Back Distance	low	召唤佣兽字段 back_distance 与侧向和返回距离并列，表示后方距离参数。
visage_summon_familiars.in_formation	编队标记	In Formation Flag	low	召唤佣兽字段 in_formation 受命石修正，技能说明提到佣兽作战但未解释编队行为。
visage_summon_familiars.return_distance	返回距离	Return Distance	low	召唤佣兽字段 return_distance 表示返回距离，技能说明提及佣兽但未展开返回规则。
visage_summon_familiars.side_distance	侧向距离	Side Distance	low	召唤佣兽字段 side_distance 与后方距离及返回距离并列，表示侧向距离参数。
visage_summon_familiars.visage_base_damage	佣兽基础伤害	Familiar Base Damage	medium	召唤佣兽说明召唤佣兽作战，字段 visage_base_damage 受天赋修正并对应其基础攻击力。
void_spirit_aether_remnant.artifice_duration_override	造物持续时间覆盖值	Artifice duration override	low	“残阴”字段明确 artifice 的持续时间覆盖值，技能文本未解释 artifice。
void_spirit_aether_remnant.artifice_pct_effectiveness	造物效果比例	Artifice effectiveness percentage	low	“残阴”字段明确 artifice 效果比例，具体效果未说明。
void_spirit_aether_remnant.pierces_creeps	穿透小兵标记	Pierces creeps flag	medium	“残阴”字段明确是否穿透小兵。
void_spirit_aether_remnant.pull_destination	牵引终点参数	Pull destination parameter	low	“残阴”字段明确牵引终点参数，值的表示方式未说明。
void_spirit_aether_remnant.remnant_watch_radius	残阴监视半径	Aether Remnant watch radius	medium	“残阴”字段明确监视半径。
void_spirit_aether_remnant.rotation_speed	旋转速度	Rotation speed	low	“残阴”字段明确旋转速度，作用对象未明。
void_spirit_aether_remnant.truesight_range	真实视域距离	True Sight range	medium	“残阴”字段明确真实视域距离。
void_spirit_aether_remnant.watch_path_vision_radius	监视路径视野半径	Watch-path vision radius	medium	“残阴”字段明确监视路径视野半径。
void_spirit_astral_step.ability_chance_pct	技能触发概率	Ability proc chance	low	“太虚之径”字段明确技能概率比例，触发对象未说明。
void_spirit_astral_step.attack_chance_pct	攻击触发概率	Attack proc chance	low	“太虚之径”字段明确攻击概率比例，触发规则未说明。
void_spirit_astral_step.min_travel_distance	最短移动距离	Minimum travel distance	medium	“太虚之径”字段明确最短移动距离。
void_spirit_dissimilate.angle_per_ring_portal	每环传送门角度	Angle per ring portal	low	“异化”字段明确每环传送门的角度参数，角度间隔关系未说明。
void_spirit_dissimilate.artifice_extra_offset	造物额外偏移量	Artifice extra offset	low	“异化”字段明确 artifice 额外偏移量，artifice 含义未知。
void_spirit_dissimilate.destination_fx_radius	目的地特效半径	Destination effect radius	low	“异化”字段明确目的地特效半径，游戏效果范围未说明。
void_spirit_dissimilate.first_ring_distance_offset	首环距离偏移量	First-ring distance offset	medium	“异化”字段明确首环距离偏移量。
void_spirit_dissimilate.has_outer_ring	存在外环参数	Has outer ring parameter	low	“异化”字段只标示外环存在性，开关语义未核实。
void_spirit_dissimilate.portals_per_ring	每环传送门数量	Portals per ring	medium	“异化”字段明确每环传送门数量。
void_spirit_resonant_pulse.is_all_barrier	全部为屏障标记	Is all barrier parameter	low	“共鸣脉冲”字段标记 is_all_barrier，未确认是状态字段还是数值参数。
void_spirit_symmetry.refresh_duration	刷新持续时间	Refresh Duration	low	对称说明造成魔法伤害可获得物理伤害护盾，字段 refresh_duration 表示刷新时长参数。
warlock_eldritch_summoning.golem_can_summon	傀儡可召唤标记	Golem can summon flag	low	“邪术召唤”字段标记傀儡是否可召唤，未明确召唤什么。
warlock_eldritch_summoning.imp_speed	小恶魔速度	Imp speed	medium	“邪术召唤”字段明确 imp 速度。
warlock_eldritch_summoning.tooltip_imp_explode_radius	小恶魔爆炸半径提示值	Imp explosion-radius tooltip value	medium	“邪术召唤”字段明确小恶魔爆炸半径提示值。
warlock_golem_permanent_immolation.health_bonus_pct	生命值加成比例	Health Bonus Percentage	low	永久献祭字段 health_bonus_pct 为 0，技能说明只描述地狱火造成伤害，具体加成机制不明。
warlock_golem_permanent_immolation.manaboost_scale_mult	魔法加成缩放倍率	Mana Boost Scale Multiplier	low	永久献祭字段 manaboost_scale_mult 表示魔法加成缩放倍率，技能说明缺失该机制。
warlock_golem_permanent_immolation.manahealthboost	生命与魔法加成参数	Mana and Health Boost Parameter	low	永久献祭字段 manahealthboost 为 0，技能说明未解释生命与魔法加成。
warlock_golem_permanent_immolation.share_damage	伤害共享参数	Share Damage Parameter	low	永久献祭字段 share_damage 为 0，技能说明未说明伤害共享机制。
warlock_imp_explode_major.bonus_dmg	额外伤害值	Bonus damage	low	“Major Imp Explode”字段只表明额外伤害，伤害类型未说明。
warlock_imp_explode_major.explosion_dmg	爆炸伤害值	Explosion damage	medium	“Major Imp Explode”字段明确爆炸伤害值。
warlock_imp_explode_major.explosion_nonhero_reduce	对非英雄单位的爆炸削减值	Explosion reduction against non-hero units	low	“Major Imp Explode”字段明确非英雄单位爆炸削减值，削减对象未进一步说明。
warlock_rain_of_chaos.bonus_damage_resist	额外伤害抗性	Bonus damage resistance	low	“混乱之祭”字段明确额外伤害抗性，未说明抗性对象。
warlock_rain_of_chaos.golem_armor	傀儡护甲	Golem armor	medium	“混乱之祭”字段明确傀儡护甲。
warlock_rain_of_chaos.golem_dmg_scepter	神杖傀儡伤害值	Scepter golem damage	medium	“混乱之祭”字段明确神杖傀儡伤害值。
warlock_rain_of_chaos.golem_gold_bounty_scepter	神杖傀儡金币奖励	Scepter golem gold bounty	medium	“混乱之祭”字段明确神杖傀儡金币奖励。
warlock_rain_of_chaos.golem_hp_scepter	神杖傀儡生命值	Scepter golem health	medium	“混乱之祭”字段明确神杖傀儡生命值。
warlock_rain_of_chaos.golem_on_death	傀儡死亡参数	Golem on-death parameter	low	“混乱之祭”字段只说明 golem_on_death，具体行为未知。
warlock_shadow_word.shard_movement_speed_pct	魔晶移动速度比例	Shard movement-speed percentage	low	“暗言术”字段明确魔晶移动速度比例，未说明加成或减速方向。
warlock_upheaval.aspd_per_second	每秒攻击速度变化量	Attack Speed per Second	low	剧变字段 aspd_per_second 受天赋修正，技能说明描述持续增强但未提攻击速度效果。
weaver_geminate_attack.extra_attack	额外攻击次数	Extra attack count	medium	“连击”字段明确额外攻击。
weaver_the_swarm.shard_cooldown_reduction	碎片冷却减少	Shard Cooldown Reduction	low	虫群字段 shard_cooldown_reduction 受碎片修正，技能说明未给出该冷却减少规则。
weaver_threads_of_fate.damage_per_thread_creep	每条命运之线对小兵的伤害	Damage per thread against creeps	low	“命运之线”字段明确每条线对应的小兵伤害，具体结算未说明。
weaver_threads_of_fate.death_linger_duration	阵亡后残留持续时间	Death-linger duration	low	“命运之线”字段明确阵亡后残留持续时间，残留对象未说明。
weaver_time_lapse.targets_allies	可选择友军	Can Target Allies	medium	时光倒流说明编织者回到自身五秒前状态，字段 targets_allies 受神杖修正，控制是否可选友军。
windrunner_focusfire.cooldown_reduction_per_kill	每次击杀减少的冷却	Cooldown Reduction per Kill	medium	集中火力字段 cooldown_reduction_per_kill 受天赋修正，表示击杀后的冷却减少量。
windrunner_focusfire.duration_increase_per_kill	每次击杀增加的持续时间	Duration Increase per Kill	medium	集中火力字段 duration_increase_per_kill 受天赋修正，表示击杀后增加的持续时间。
windrunner_focusfire.focusfire_fire_on_the_move	移动中持续射击	Fire Focus Fire on the Move	medium	集中火力说明风行者持续攻击目标，字段 focusfire_fire_on_the_move 控制移动中是否开火。
windrunner_focusfire.is_unfocused	未聚焦状态标记	Unfocused State Flag	low	集中火力字段 is_unfocused 受命石修正，说明未解释未聚焦状态机制。
windrunner_focusfire.unfocused_cancel_initial_cooldown	未聚焦取消初始冷却	Unfocused Cancel Initial Cooldown	low	集中火力字段 unfocused_cancel_initial_cooldown 表示未聚焦取消时的初始冷却参数，规则未在说明中展开。
windrunner_powershot.max_execute_threshold	最高处决门槛	Maximum execute threshold	low	“强力击”字段明确最高 execute 门槛，门槛所指条件未知。
windrunner_powershot.min_execute_threshold	最低处决门槛	Minimum execute threshold	low	“强力击”字段明确最低 execute 门槛，门槛所指条件未知。
windrunner_powershot.tree_width	树木宽度	Tree width	low	“强力击”字段明确 tree_width，具体是树木或树线宽度未明。
windrunner_shackleshot.shackle_angle	束缚角度	Shackle angle	medium	“束缚击”字段明确束缚角度。
windrunner_shackleshot.shackle_count	束缚数量	Shackle count	medium	“束缚击”字段明确束缚数量。
windrunner_tailwind.applies_on_attack	攻击时生效参数	Applies-on-attack parameter	low	“顺风”字段只标记 applies_on_attack，生效内容未说明。
windrunner_windrun.cannot_be_dispelled	不可驱散标记	Cannot be dispelled flag	medium	“风行”字段明确是否不可驱散。
winter_wyvern_accelerated_learning.levels_between_upgrades	升级间隔等级数	Levels between upgrades	medium	“加速学习”字段明确升级之间的等级数。
winter_wyvern_arctic_burn.max_attacks	攻击次数上限	Maximum number of attacks	medium	“严寒烧灼”字段明确攻击次数上限。
winter_wyvern_arctic_burn.projectile_speed_bonus	投射物速度加成	Projectile speed bonus	medium	“严寒烧灼”字段明确投射物速度加成。
winter_wyvern_cold_embrace.can_target_buildings	可选择建筑	Can Target Buildings	medium	极寒之拥字段 can_target_buildings 受命石修正，控制技能是否可选择建筑。
winter_wyvern_cold_embrace.shard_splinter_range	碎片分裂范围	Shard Splinter Range	low	极寒之拥字段 shard_splinter_range 为 0，技能说明未解释碎片分裂效果。
winter_wyvern_eldwurm_scholar.share_percentage	分享比例	Share percentage	low	“古龙学者”字段明确分享比例，分享对象未说明。
winter_wyvern_eldwurm_scholar.three_tooltip	三项提示参数	Three-tooltip parameter	low	“古龙学者”字段只标记 three_tooltip，具体用途未知。
winter_wyvern_eldwurms_edda.tooltip_seconds	秒数提示值	Seconds tooltip value	low	“Eldwurm's Edda”技能说明缺失，字段名只说明秒数提示值。
winter_wyvern_splinter_blast.projectile_max_time	弹道最长飞行时间	Projectile Maximum Time	low	碎裂冲击说明向单位发射冰球，字段 projectile_max_time 表示弹道最长时间。
winter_wyvern_splinter_blast.secondary_projectile_speed	次级弹道速度	Secondary Projectile Speed	medium	碎裂冲击命中主目标后会产生周围效果，字段 secondary_projectile_speed 表示次级弹道速度。
winter_wyvern_winters_curse.transfer_duration_pct	转移持续时间比例	Transfer duration percentage	low	“寒冬诅咒”字段明确转移持续时间比例，参照时长未说明。
winter_wyvern_winters_curse.transfer_on_death	阵亡时转移参数	Transfer-on-death parameter	low	“寒冬诅咒”字段只标示阵亡时转移，转移对象和机制未说明。
wisp_overcharge.unslowable	不可减速标记	Unslowable flag	medium	“过载”字段明确不可减速属性。
wisp_spirits.default_radius	默认半径	Default radius	low	“幽魂”字段明确默认半径，参照对象未说明。
wisp_spirits.hero_hit_radius	英雄命中半径	Hero hit radius	medium	“幽魂”字段明确英雄命中半径。
wisp_spirits.revolution_time	环绕周期	Revolution time	medium	“幽魂”字段明确环绕周期。
wisp_spirits.spirit_amount	精灵数量	Spirit amount	medium	“幽魂”字段明确精灵数量。
wisp_spirits.spirit_movement_rate	精灵移动速率	Spirit movement rate	medium	“幽魂”字段明确精灵移动速率。
wisp_spirits.spirit_spawn_time	精灵生成时间	Spirit spawn time	medium	“幽魂”字段明确精灵生成时间。
wisp_tether.latch_distance	连接距离	Latch Distance	medium	羁绊说明艾欧与友军相连，字段 latch_distance 表示连接距离。
wisp_tether.latch_speed	连接移动速度	Latch Speed	low	羁绊字段 latch_speed 表示连接速度，技能说明未明确其适用对象。
wisp_tether.self_bonus	自身加成	Self Bonus	low	羁绊字段 self_bonus 为 0，技能说明未说明自身加成内容。
wisp_tether.tether_attack_damage_pct	羁绊攻击伤害比例	Tether Attack Damage Percentage	low	羁绊字段 tether_attack_damage_pct 受天赋修正，说明未确认攻击伤害分享机制。
wisp_tether.tether_mana_amp	羁绊魔法传递增强	Tether Mana Transfer Amplification	medium	羁绊说明传递生命或魔法恢复，字段 tether_mana_amp 与生命恢复传递字段相邻。
wisp_tether.tethered_unit_damage	羁绊单位伤害参数	Tethered Unit Damage Parameter	low	羁绊字段 tethered_unit_damage 为 0，技能说明未解释该伤害参数。
witch_doctor_death_ward.scepter_lifesteal	神杖生命吸取	Scepter lifesteal	medium	“死亡守卫”字段明确神杖生命吸取效果。
witch_doctor_innate_maledict_heal_reduction.health_restoration_reduction	生命恢复削减值	Health-restoration reduction	medium	先天技能字段明确生命恢复削减。
witch_doctor_maledict.bonus_damage_threshold	额外伤害门槛	Bonus-damage threshold	low	“死亡之指”字段明确额外伤害门槛，门槛条件未说明。
witch_doctor_maledict.spread_speed	扩散速度	Spread speed	low	“死亡之指”字段明确扩散速度，扩散对象未说明。
witch_doctor_maledict.ticks	结算次数	Tick count	low	“死亡之指”字段明确 ticks 数量，未说明结算间隔。
witch_doctor_paralyzing_cask.creep_duration	小兵持续时间	Creep duration	low	“麻痹药剂”字段明确小兵持续时间，具体效果未说明。
witch_doctor_voodoo_restoration.bonus_heal_percent	额外治疗比例	Bonus healing percentage	low	“巫毒疗法”字段明确额外治疗比例。
witch_doctor_voodoo_restoration.does_damage	造成伤害标记	Does damage flag	medium	“巫毒疗法”字段明确是否造成伤害。
witch_doctor_voodoo_restoration.does_heal_all_allies	治疗所有队友标记	Does heal all allies flag	medium	“巫毒疗法”字段明确是否治疗所有队友。
witch_doctor_voodoo_restoration.tooltip_mana_per_second	每秒魔法消耗提示值	Mana-per-second tooltip value	low	“巫毒疗法”字段明确每秒魔法消耗提示值，实际数值用途未确认。
zuus_arc_lightning.has_unlimited_jumps	无限跳跃标记	Unlimited Jumps Flag	low	弧形闪电说明闪电会跳跃穿越敌人，字段 has_unlimited_jumps 为跳跃上限开关。
zuus_lightning_bolt.creep_damage_bonus_pct	对小兵伤害加成比例	Bonus damage percentage against creeps	medium	“雷击”字段明确小兵伤害加成比例。
zuus_lightning_bolt.true_sight_radius	真实视域半径	True Sight radius	medium	“雷击”字段明确真实视域半径。
zuus_lightning_hands.arc_lightning_damage_illusion_pct	幻象弧形闪电伤害比例	Illusion Arc Lightning Damage Percentage	medium	霹雳之手说明攻击产生弧形闪电，字段 arc_lightning_damage_illusion_pct 指定幻象相关伤害比例。
zuus_thundergods_wrath.sight_radius_night	夜间视域范围	Night Sight Radius	medium	雷神之怒说明打击前提供真实视域，字段 sight_radius_night 与白天视域字段相邻。
